time,side,ticker_id,mv_up_composite_labels,accel_volume_5_df025,sessions_since_bearish_13_100_df059,velocity_price_vs_etf_diff_5_df050
2005-01-12 00:00:00+00,LONG,4049,0.608352809037504,-0.25248682,3.0,-0.048543047
2005-01-21 00:00:00+00,LONG,2248,1.0,0.2376088,4.0,-0.050831795
2005-01-25 00:00:00+00,LONG,3853,0.9777777777777777,0.29005963,4.0,-0.03965425
2005-02-02 00:00:00+00,LONG,918,0.8332596027227508,-0.0019977198,3.0,-0.031263504
2005-02-02 00:00:00+00,LONG,1299,0.620633831064151,0.29236922,4.0,-0.032180015
2005-02-03 00:00:00+00,LONG,3515,0.5574067765865589,0.77340776,3.0,-0.030481046
2005-02-07 00:00:00+00,LONG,3703,0.3282057969262716,-0.4412712,3.0,-0.063551284
2005-02-08 00:00:00+00,LONG,2670,0.0,0.015592064,3.0,-0.030719548
2005-02-08 00:00:00+00,LONG,3703,0.0,0.36752272,4.0,-0.04312298
2005-03-15 00:00:00+00,LONG,1280,0.1132075471698114,-0.18562841,4.0,-0.028421447
2005-03-18 00:00:00+00,LONG,2006,0.42646314673789204,0.16362691,3.0,-0.044585314
2005-03-24 00:00:00+00,LONG,796,0.8833333333333333,0.032830637,3.0,-0.06621093
2005-04-12 00:00:00+00,LONG,984,0.0,0.49628252,3.0,-0.073925756
2005-05-03 00:00:00+00,LONG,3773,0.8409090909090909,-0.08070943,3.0,-0.03223679
2005-05-13 00:00:00+00,LONG,2028,0.6071428571428572,0.21144664,4.0,-0.029808331
2005-05-17 00:00:00+00,LONG,576,0.7819167159565038,-0.2838282,3.0,-0.046478346
2005-05-18 00:00:00+00,LONG,4123,0.9333333333333333,0.1849156,3.0,-0.06425207
2005-05-20 00:00:00+00,LONG,3586,0.2167691618703161,0.6156199,3.0,-0.058131266
2005-06-30 00:00:00+00,LONG,1191,0.042553191489361764,-0.48704064,4.0,-0.03584796
2005-07-11 00:00:00+00,LONG,1819,0.0,0.6004761,4.0,-0.030910924
2005-09-29 00:00:00+00,LONG,1761,0.2368861250870261,-0.6182927,4.0,-0.028684976
2005-10-03 00:00:00+00,LONG,4118,0.8197325139412713,-0.50455105,4.0,-0.038453963
2005-10-24 00:00:00+00,LONG,243,0.272778622458458,0.04474204,4.0,-0.03986521
2005-10-26 00:00:00+00,LONG,869,0.6266884407312735,0.13799286,3.0,-0.048047647
2005-10-26 00:00:00+00,LONG,1668,0.3644094650387826,0.7775282,4.0,-0.029285854
2005-10-27 00:00:00+00,LONG,1897,1.0,0.1991794,4.0,-0.05610892
2005-11-02 00:00:00+00,LONG,195,0.0,0.3346392,3.0,-0.037225243
2005-11-10 00:00:00+00,LONG,2638,1.0,0.35727832,3.0,-0.04957401
2005-11-11 00:00:00+00,LONG,2638,0.9615384615384616,-0.11112172,4.0,-0.055368345
2005-11-28 00:00:00+00,LONG,3203,0.4598040866503923,0.5979575,3.0,-0.031172972
2005-11-29 00:00:00+00,LONG,3116,0.0,0.48228693,4.0,-0.045818575
2006-01-20 00:00:00+00,LONG,2640,0.1008863001693077,0.23087758,4.0,-0.06550851
2006-02-01 00:00:00+00,LONG,3182,0.0,0.79681826,3.0,-0.03138492
2006-02-07 00:00:00+00,LONG,1761,0.0,-0.31256843,3.0,-0.029039724
2006-02-08 00:00:00+00,LONG,2285,0.0,0.5265739,4.0,-0.029504959
2006-02-17 00:00:00+00,LONG,405,1.0,0.17213316,4.0,-0.042621147
2006-02-17 00:00:00+00,LONG,2640,0.14214358634117985,-0.05116139,4.0,-0.03483082
2006-02-21 00:00:00+00,LONG,643,0.0,0.5067524,3.0,-0.07093794
2006-02-21 00:00:00+00,LONG,1715,0.5116279069767442,-0.15884182,3.0,-0.03812235
2006-02-22 00:00:00+00,LONG,643,0.0,0.7510192,4.0,-0.04869824
2006-03-10 00:00:00+00,LONG,2230,0.0,-0.028352462,3.0,-0.03165241
2006-03-10 00:00:00+00,LONG,3573,0.9574468085106383,-0.62351584,3.0,-0.0502796
2006-03-14 00:00:00+00,LONG,1673,0.9565217391304348,-0.026317066,3.0,-0.03615856
2006-03-31 00:00:00+00,LONG,64,0.0,0.3541396,4.0,-0.03928498
2006-05-03 00:00:00+00,LONG,3645,0.0,0.33122367,3.0,-0.03473987
2006-05-04 00:00:00+00,LONG,3645,0.0,-0.55488986,4.0,-0.029140804
2006-05-05 00:00:00+00,LONG,1615,0.0,0.095641516,3.0,-0.051344994
2006-05-22 00:00:00+00,LONG,11,0.0,-0.17749162,3.0,-0.039029907
2006-05-31 00:00:00+00,LONG,2527,1.0,-0.22373699,4.0,-0.05208598
2006-06-08 00:00:00+00,LONG,2731,0.0,0.41168833,3.0,-0.060777336
2006-06-09 00:00:00+00,LONG,2731,0.0,0.012016224,4.0,-0.05779077
2006-06-12 00:00:00+00,LONG,2105,0.5433551827301658,-0.5262008,3.0,-0.04246532
2006-06-12 00:00:00+00,LONG,2710,0.0,-0.6027774,4.0,-0.03971868
2006-06-13 00:00:00+00,LONG,2105,0.5319898398855829,0.09679425,4.0,-0.040995814
2006-06-13 00:00:00+00,LONG,440,0.9061370352849542,0.09653105,3.0,-0.04420365
2006-06-13 00:00:00+00,LONG,3124,1.0,0.40745577,4.0,-0.033733066
2006-06-14 00:00:00+00,LONG,576,0.37076197272872663,0.18330553,4.0,-0.030271476
2006-07-21 00:00:00+00,LONG,3283,0.4864579624592486,0.7399109,3.0,-0.03486779
2006-07-24 00:00:00+00,LONG,3501,0.975609756097561,0.43991762,3.0,-0.039372496
2006-07-25 00:00:00+00,LONG,3501,0.8634596802564718,-0.61573446,4.0,-0.03281285
2006-08-23 00:00:00+00,LONG,3703,0.6,-0.1724304,4.0,-0.04097783
2006-08-24 00:00:00+00,LONG,3433,0.0,-0.40287295,3.0,-0.05521346
2006-08-25 00:00:00+00,LONG,3433,0.0,0.7800218,4.0,-0.06341997
2006-08-29 00:00:00+00,LONG,843,1.0,-0.3111099,3.0,-0.034439053
2006-08-30 00:00:00+00,LONG,843,0.972972972972973,-0.40656462,4.0,-0.032407157
2006-09-06 00:00:00+00,LONG,3613,0.0,0.049199827,4.0,-0.040189635
2006-09-28 00:00:00+00,LONG,3677,0.9333333333333333,0.27197748,3.0,-0.04945439
2006-10-04 00:00:00+00,LONG,2504,0.0,0.753185,3.0,-0.030307464
2006-11-08 00:00:00+00,LONG,2877,0.4385704598901312,-0.023293339,3.0,-0.03536014
2006-11-08 00:00:00+00,LONG,2004,0.30234743281781423,0.1769712,4.0,-0.031623308
2006-11-14 00:00:00+00,LONG,3903,0.9361702127659575,-0.5199996,3.0,-0.05025617
2006-11-16 00:00:00+00,LONG,243,0.22852530486545863,-0.28285992,4.0,-0.052908182
2006-12-07 00:00:00+00,LONG,517,0.15023368833021963,0.17391634,4.0,-0.038437873
2006-12-14 00:00:00+00,LONG,1888,0.0,0.104989834,3.0,-0.035719015
2006-12-15 00:00:00+00,LONG,1888,0.0,0.58508617,4.0,-0.041942876
2007-01-08 00:00:00+00,LONG,1404,0.6881135560549885,0.058456674,3.0,-0.059124865
2007-01-09 00:00:00+00,LONG,1404,0.6762292685429577,0.6991242,4.0,-0.06484057
2007-01-11 00:00:00+00,LONG,1740,0.8554146301141585,0.18917684,4.0,-0.036301713
2007-01-12 00:00:00+00,LONG,2896,0.6865636994493771,-0.3044759,3.0,-0.042313747
2007-01-12 00:00:00+00,LONG,3466,0.9259259259259259,0.46834213,3.0,-0.04133999
2007-01-16 00:00:00+00,LONG,2261,0.9393939393939394,-0.23684688,3.0,-0.04796379
2007-01-16 00:00:00+00,LONG,2896,0.6844111144128577,-0.1302951,4.0,-0.051363323
2007-01-16 00:00:00+00,LONG,1298,0.28806261001072386,0.3826863,4.0,-0.029444512
2007-01-17 00:00:00+00,LONG,2569,0.6983793015793445,-0.08565238,4.0,-0.032790165
2007-02-02 00:00:00+00,LONG,2613,0.0,-0.1450419,3.0,-0.035854805
2007-03-08 00:00:00+00,LONG,2116,0.9,0.16658404,3.0,-0.037896436
2007-03-09 00:00:00+00,LONG,2116,0.8666666666666667,-0.06716881,4.0,-0.03142423
2007-03-15 00:00:00+00,LONG,1051,0.98,0.8464093,3.0,-0.038036652
2007-03-15 00:00:00+00,LONG,3815,0.38085659041801617,0.33599135,3.0,-0.051200986
2007-03-16 00:00:00+00,LONG,3330,0.4933344912179035,0.26949945,3.0,-0.030698495
2007-04-02 00:00:00+00,LONG,2088,0.0,-0.28332844,3.0,-0.045936566
2007-04-18 00:00:00+00,LONG,3824,0.0,0.4599404,3.0,-0.03184172
2007-04-19 00:00:00+00,LONG,3824,0.0,0.42972797,4.0,-0.040913295
2007-05-09 00:00:00+00,LONG,356,0.0,0.7351584,3.0,-0.0320175
2007-05-10 00:00:00+00,LONG,356,0.0,-0.114688754,4.0,-0.040587127
2007-05-16 00:00:00+00,LONG,3621,0.0,-0.48789507,4.0,-0.029504377
2007-05-17 00:00:00+00,LONG,1396,0.7302465501496629,-0.009519779,4.0,-0.034157474
2007-05-24 00:00:00+00,LONG,2095,0.0,0.08346168,3.0,-0.028505905
2007-08-06 00:00:00+00,LONG,142,0.0,-0.23572387,3.0,-0.032351628
2007-08-14 00:00:00+00,LONG,555,0.1714893080358053,-0.34388876,4.0,-0.04243635
2007-08-16 00:00:00+00,LONG,1184,0.478929831649701,0.41920766,4.0,-0.038189054
2007-08-17 00:00:00+00,LONG,1770,0.9836065573770492,-0.35474256,3.0,-0.032748144
2007-08-17 00:00:00+00,LONG,1803,0.35303760616087887,0.42924386,4.0,-0.04807405
2007-08-20 00:00:00+00,LONG,1,0.41281753941121546,-0.48290393,3.0,-0.07108199
2007-08-20 00:00:00+00,LONG,739,0.9565217391304348,-0.02013566,3.0,-0.04686601
2007-08-20 00:00:00+00,LONG,3703,0.0,0.3335095,3.0,-0.031314235
2007-08-20 00:00:00+00,LONG,3716,0.0,0.42110643,4.0,-0.062003545
2007-08-21 00:00:00+00,LONG,739,0.9347826086956522,0.14992423,4.0,-0.03541332
2007-08-21 00:00:00+00,LONG,1173,0.6054177568829925,0.14503217,3.0,-0.03973793
2007-08-21 00:00:00+00,LONG,3283,0.9375,-0.25315198,3.0,-0.05601923
2007-08-21 00:00:00+00,LONG,3815,0.0,-0.2653314,3.0,-0.061265465
2007-08-22 00:00:00+00,LONG,1173,0.6073159651901644,-0.09695915,4.0,-0.049267475
2007-08-22 00:00:00+00,LONG,3283,0.9166666666666666,0.23421234,4.0,-0.053153876
2007-08-22 00:00:00+00,LONG,1740,0.497253197247856,-0.2718509,4.0,-0.03762409
2007-08-22 00:00:00+00,LONG,3815,0.1711408849595914,-0.29948947,4.0,-0.028422238
2007-08-23 00:00:00+00,LONG,243,0.9180327868852459,-0.5457202,3.0,-0.029782454
2007-08-24 00:00:00+00,LONG,243,0.9016393442622951,0.18694064,4.0,-0.03009963
2007-08-30 00:00:00+00,LONG,4137,0.782608695652174,0.3133221,4.0,-0.028921288
2007-09-18 00:00:00+00,LONG,1297,0.0,-0.3184843,3.0,-0.043462824
2007-10-24 00:00:00+00,LONG,3743,0.0,0.6343263,3.0,-0.050338205
2007-10-31 00:00:00+00,LONG,1330,0.0,-0.084181175,3.0,-0.032774437
2007-11-01 00:00:00+00,LONG,417,0.0,-0.49468014,4.0,-0.03632388
2007-11-02 00:00:00+00,LONG,157,0.0,-0.22113377,3.0,-0.032552257
2007-11-06 00:00:00+00,LONG,610,0.0,-0.43737832,4.0,-0.05167983
2007-11-13 00:00:00+00,LONG,1790,0.7997376675834,0.3815536,3.0,-0.044410113
2007-11-21 00:00:00+00,LONG,3286,0.0,0.49207523,3.0,-0.049051967
2007-11-26 00:00:00+00,LONG,3241,0.9310344827586207,0.54619735,4.0,-0.044996098
2007-11-28 00:00:00+00,LONG,2816,0.0,-0.06621597,4.0,-0.047212094
2007-11-29 00:00:00+00,LONG,984,0.9705882352941176,0.3437111,3.0,-0.037349287
2007-12-04 00:00:00+00,LONG,870,0.0,-0.45569202,3.0,-0.059403878
2007-12-04 00:00:00+00,LONG,2990,0.0,-0.5868486,3.0,-0.047361296
2007-12-05 00:00:00+00,LONG,870,0.0,0.8244331,4.0,-0.036971267
2007-12-12 00:00:00+00,LONG,2261,0.4814814814814815,-0.32748932,3.0,-0.032832954
2007-12-24 00:00:00+00,LONG,2211,0.0,-0.71053135,3.0,-0.03519466
2008-01-22 00:00:00+00,LONG,3855,0.47318911084358517,0.71156377,4.0,-0.046737764
2008-01-23 00:00:00+00,LONG,739,1.0,-0.26594353,3.0,-0.05038479
2008-01-23 00:00:00+00,LONG,1585,0.9642857142857143,0.14840978,3.0,-0.042294588
2008-01-24 00:00:00+00,LONG,93,0.0,-0.6561582,3.0,-0.052310377
2008-01-24 00:00:00+00,LONG,3330,0.0,-0.22372839,3.0,-0.037433248
2008-01-25 00:00:00+00,LONG,2979,0.26983481497208656,0.05400957,4.0,-0.037623614
2008-01-25 00:00:00+00,LONG,3330,0.0,-0.3340058,4.0,-0.040126394
2008-01-25 00:00:00+00,LONG,3641,0.0,-0.34275734,3.0,-0.029137744
2008-01-28 00:00:00+00,LONG,588,1.0,-0.037081666,3.0,-0.04428673
2008-01-28 00:00:00+00,LONG,1184,0.0,-0.5070133,3.0,-0.067948654
2008-01-28 00:00:00+00,LONG,3613,0.9189189189189189,0.10775449,3.0,-0.029163398
2008-01-31 00:00:00+00,LONG,167,0.0,0.5834375,3.0,-0.063071035
2008-01-31 00:00:00+00,LONG,708,0.0,0.5498135,3.0,-0.043000914
2008-01-31 00:00:00+00,LONG,1463,0.7878787878787878,0.41365403,3.0,-0.034748506
2008-02-01 00:00:00+00,LONG,708,0.0,-0.53410447,4.0,-0.042802215
2008-02-22 00:00:00+00,LONG,2018,0.0,0.6116143,3.0,-0.062924236
2008-02-26 00:00:00+00,LONG,1043,0.0,-0.5583237,3.0,-0.07223837
2008-03-14 00:00:00+00,LONG,3754,0.0,0.7597946,3.0,-0.029121669
2008-03-19 00:00:00+00,LONG,1523,0.4804874315583495,0.2180243,4.0,-0.035360463
2008-03-19 00:00:00+00,LONG,1719,0.0,-0.008945189,3.0,-0.032474983
2008-03-24 00:00:00+00,LONG,3677,0.0,0.42961127,3.0,-0.03980562
2008-03-25 00:00:00+00,LONG,4123,0.14925953333078046,-0.5181793,3.0,-0.038966693
2008-03-25 00:00:00+00,LONG,2041,0.0,-0.15465325,4.0,-0.043786947
2008-04-03 00:00:00+00,LONG,870,0.6896551724137931,0.034631636,3.0,-0.031655442
2008-04-03 00:00:00+00,LONG,903,0.0,0.7964603,3.0,-0.028617201
2008-04-04 00:00:00+00,LONG,903,0.0,-0.54461473,4.0,-0.028417055
2008-04-04 00:00:00+00,LONG,3573,0.8235294117647058,0.44228444,3.0,-0.031811006
2008-04-04 00:00:00+00,LONG,1949,0.0,0.6868431,3.0,-0.042040445
2008-04-14 00:00:00+00,LONG,3519,1.0,0.7270403,3.0,-0.04791348
2008-04-15 00:00:00+00,LONG,2536,0.0,0.08930987,3.0,-0.05993251
2008-04-24 00:00:00+00,LONG,1853,0.0,0.7464633,4.0,-0.0356046
2008-05-21 00:00:00+00,LONG,1960,0.0,-0.5623199,3.0,-0.032940388
2008-05-23 00:00:00+00,LONG,4171,0.0,0.49960837,3.0,-0.0541102
2008-05-27 00:00:00+00,LONG,4171,0.0,0.14828251,4.0,-0.04697238
2008-06-04 00:00:00+00,LONG,817,0.0,-0.34339234,3.0,-0.03754017
2008-06-05 00:00:00+00,LONG,3142,0.0,-0.36335447,3.0,-0.04817921
2008-07-08 00:00:00+00,LONG,3013,0.0,-0.08334515,3.0,-0.07042373
2008-07-11 00:00:00+00,LONG,3882,0.0,0.38032576,3.0,-0.052225757
2008-07-16 00:00:00+00,LONG,429,0.0,0.21313374,3.0,-0.04898946
2008-07-16 00:00:00+00,LONG,1236,0.9811320754716981,-0.08224671,4.0,-0.061520774
2008-07-17 00:00:00+00,LONG,429,0.0,-0.25575298,4.0,-0.053415183
2008-07-23 00:00:00+00,LONG,502,0.0,0.6115647,3.0,-0.068216935
2008-08-01 00:00:00+00,LONG,11,0.0,0.10027336,3.0,-0.039097946
2008-08-19 00:00:00+00,LONG,555,0.0,0.39157927,3.0,-0.053497884
2008-08-20 00:00:00+00,LONG,555,0.0,-0.08153337,4.0,-0.033635367
2008-08-20 00:00:00+00,LONG,1846,0.0,-0.71207976,3.0,-0.029986482
2008-08-21 00:00:00+00,LONG,1846,0.0,0.29786283,4.0,-0.04011488
2008-09-12 00:00:00+00,LONG,2050,0.0,-0.16473594,3.0,-0.0419602
2008-09-15 00:00:00+00,LONG,2050,0.0,0.35573146,4.0,-0.054686125
2008-10-16 00:00:00+00,LONG,2408,0.0,0.23458648,3.0,-0.041068066
2008-11-28 00:00:00+00,LONG,786,0.0,-0.34920135,3.0,-0.033390477
2009-01-26 00:00:00+00,LONG,858,0.0,0.13568579,3.0,-0.034090623
2009-01-27 00:00:00+00,LONG,2370,0.0,-0.35145915,3.0,-0.04848447
2009-01-27 00:00:00+00,LONG,858,0.0,0.090447225,4.0,-0.03307442
2009-01-28 00:00:00+00,LONG,2370,0.0,-0.05324403,4.0,-0.04490955
2009-03-04 00:00:00+00,LONG,558,0.975,0.022919655,3.0,-0.02986078
2009-03-09 00:00:00+00,LONG,2661,0.7031689694734616,0.51972085,4.0,-0.045994986
2009-03-09 00:00:00+00,LONG,3885,1.0,0.5839175,3.0,-0.050292376
2009-03-11 00:00:00+00,LONG,858,0.9,0.40828922,3.0,-0.052046858
2009-03-11 00:00:00+00,LONG,2938,0.20498303593711512,0.030561073,3.0,-0.06545832
2009-04-03 00:00:00+00,LONG,2582,0.0,0.060259856,3.0,-0.04538261
2009-04-21 00:00:00+00,LONG,3645,1.0,0.67915714,3.0,-0.057124205
2009-04-29 00:00:00+00,LONG,1210,0.0,-0.30125624,4.0,-0.03424405
2009-05-07 00:00:00+00,LONG,2151,0.825,-0.20163605,3.0,-0.045157462
2009-05-08 00:00:00+00,LONG,2151,0.8,0.38601905,4.0,-0.047317587
2009-05-08 00:00:00+00,LONG,417,0.88,0.83325285,4.0,-0.036597513
2009-05-08 00:00:00+00,LONG,594,0.2902511965327635,0.30222586,3.0,-0.049997732
2009-05-21 00:00:00+00,LONG,4176,1.0,-0.17435502,3.0,-0.04367774
2009-06-01 00:00:00+00,LONG,773,0.9583333333333334,0.32143906,3.0,-0.065382116
2009-06-02 00:00:00+00,LONG,773,0.9166666666666666,0.3482099,4.0,-0.04412145
2009-07-09 00:00:00+00,LONG,4169,0.9583333333333334,-0.58820516,4.0,-0.048866555
2009-07-13 00:00:00+00,LONG,4187,0.7603635754459181,-0.06618907,3.0,-0.038583048
2009-07-13 00:00:00+00,LONG,842,1.0,0.37137166,4.0,-0.030678887
2009-07-13 00:00:00+00,LONG,1012,0.9319539517249994,-0.069755144,4.0,-0.029845279
2009-07-14 00:00:00+00,LONG,4187,0.7075907963789785,-0.14996512,4.0,-0.0340657
2009-07-15 00:00:00+00,LONG,558,0.9428571428571428,0.16307686,3.0,-0.050626386
2009-07-15 00:00:00+00,LONG,900,0.9583333333333334,0.057465818,4.0,-0.040650606
2009-07-20 00:00:00+00,LONG,4059,0.5754376894909486,-0.044883426,3.0,-0.031042006
2009-08-07 00:00:00+00,LONG,3825,0.520653933301047,-0.123150304,4.0,-0.03993587
2009-08-24 00:00:00+00,LONG,843,0.42592592592592593,-0.07148726,3.0,-0.05315924
2009-08-25 00:00:00+00,LONG,843,0.40740740740740744,-0.34952503,4.0,-0.042635284
2009-09-15 00:00:00+00,LONG,2431,0.0,0.2000704,3.0,-0.03611764
2009-09-16 00:00:00+00,LONG,1108,0.7692307692307693,0.14273357,3.0,-0.030684434
2009-09-29 00:00:00+00,LONG,2582,0.0,0.011956086,3.0,-0.03596754
2009-10-12 00:00:00+00,LONG,1108,0.3076923076923077,-0.35549277,3.0,-0.032793198
2009-10-12 00:00:00+00,LONG,3179,0.7088927300949666,-0.08452322,3.0,-0.03186083
2009-10-14 00:00:00+00,LONG,1840,0.8378378378378378,0.30271316,3.0,-0.033175804
2009-10-16 00:00:00+00,LONG,516,0.0,0.5784766,3.0,-0.06540592
2009-10-19 00:00:00+00,LONG,516,0.0,0.54257715,4.0,-0.06849485
2009-11-03 00:00:00+00,LONG,2835,1.0,0.46726635,4.0,-0.050510645
2009-11-04 00:00:00+00,LONG,84,0.9777777777777777,-0.32848695,3.0,-0.036897395
2009-11-04 00:00:00+00,LONG,195,0.6046629196302061,0.47517177,4.0,-0.034488015
2009-11-06 00:00:00+00,LONG,3359,0.5411775786584013,0.21312904,3.0,-0.046583496
2009-11-10 00:00:00+00,LONG,1333,0.3072070334908376,0.06365593,3.0,-0.030551415
2009-11-11 00:00:00+00,LONG,1333,0.24049236281049652,-0.12375376,4.0,-0.040214594
2009-11-12 00:00:00+00,LONG,335,0.8103448275862069,0.1883222,4.0,-0.036575764
2009-11-12 00:00:00+00,LONG,3216,0.7727272727272727,0.38826424,4.0,-0.028718442
2009-11-13 00:00:00+00,LONG,2508,0.8,-0.49256393,4.0,-0.06753276
2009-11-16 00:00:00+00,LONG,1011,0.6818181818181819,0.14839678,4.0,-0.037944946
2009-11-16 00:00:00+00,LONG,1411,0.0,-0.3132723,4.0,-0.030006934
2009-12-01 00:00:00+00,LONG,934,0.0,0.010694306,3.0,-0.036124323
2009-12-03 00:00:00+00,LONG,1360,0.6140350877192983,0.06954012,3.0,-0.03176398
2009-12-11 00:00:00+00,LONG,76,0.0,-0.65637165,4.0,-0.053806633
2009-12-11 00:00:00+00,LONG,1851,0.9523809523809523,-0.3990573,3.0,-0.03651726
2009-12-29 00:00:00+00,LONG,1463,0.0,-0.029605888,3.0,-0.029230071
2009-12-29 00:00:00+00,LONG,3923,0.3190833281655674,-0.03700128,4.0,-0.03587402
2010-02-08 00:00:00+00,LONG,2072,0.9818181818181818,-0.49886632,4.0,-0.029450525
2010-02-08 00:00:00+00,LONG,2816,0.0,-0.4889527,3.0,-0.04763848
2010-02-08 00:00:00+00,LONG,3905,0.9818181818181818,-0.57819724,3.0,-0.039092634
2010-02-09 00:00:00+00,LONG,4097,1.0,-0.028702414,3.0,-0.043618932
2010-02-09 00:00:00+00,LONG,487,0.0,-0.2743447,3.0,-0.028872848
2010-02-09 00:00:00+00,LONG,3905,0.9636363636363636,0.07427739,4.0,-0.051681254
2010-02-11 00:00:00+00,LONG,2352,1.0,-0.51600724,4.0,-0.036222413
2010-02-12 00:00:00+00,LONG,834,0.458105313978733,0.75533867,3.0,-0.032915194
2010-02-12 00:00:00+00,LONG,857,0.9827586206896551,0.08423669,4.0,-0.032446366
2010-02-12 00:00:00+00,LONG,3021,1.0,-0.1840614,4.0,-0.03540051
2010-02-16 00:00:00+00,LONG,834,0.3808417567956149,-0.50015604,4.0,-0.042497527
2010-02-17 00:00:00+00,LONG,220,0.78125,0.06666138,3.0,-0.042925484
2010-02-18 00:00:00+00,LONG,2262,0.2348464701401026,-0.11511208,3.0,-0.029421488
2010-02-18 00:00:00+00,LONG,220,0.75,0.60297304,4.0,-0.030310223
2010-03-10 00:00:00+00,LONG,622,0.0,0.051668588,4.0,-0.04381451
2010-03-15 00:00:00+00,LONG,4083,0.0,-0.6422754,4.0,-0.044767376
2010-03-19 00:00:00+00,LONG,19,0.0,0.39888948,4.0,-0.036417942
2010-03-30 00:00:00+00,LONG,2835,0.0,0.69792473,3.0,-0.035109002
2010-04-14 00:00:00+00,LONG,91,0.0,0.6253362,4.0,-0.029191796
2010-04-14 00:00:00+00,LONG,2508,0.0,0.48346543,3.0,-0.051809736
2010-04-15 00:00:00+00,LONG,111,0.0,-0.002747821,3.0,-0.028450064
2010-05-10 00:00:00+00,LONG,937,0.0,-0.5612906,4.0,-0.03002203
2010-05-25 00:00:00+00,LONG,2990,0.0,0.25660247,4.0,-0.028529003
2010-05-25 00:00:00+00,LONG,1897,1.0,0.22742961,3.0,-0.03408798
2010-05-26 00:00:00+00,LONG,2638,0.0,0.018171094,4.0,-0.029454261
2010-05-27 00:00:00+00,LONG,4176,0.9591836734693877,-0.10857164,3.0,-0.03382396
2010-06-02 00:00:00+00,LONG,2482,0.0,-0.18501028,3.0,-0.032465395
2010-06-03 00:00:00+00,LONG,2482,0.0,0.6573748,4.0,-0.04351415
2010-06-08 00:00:00+00,LONG,920,0.5931479448703033,0.7909908,3.0,-0.0291548
2010-07-06 00:00:00+00,LONG,835,0.7623071536481874,0.008620891,3.0,-0.03652844
2010-07-06 00:00:00+00,LONG,2912,0.73023846795492,0.21262075,3.0,-0.05442862
2010-07-07 00:00:00+00,LONG,304,0.9714285714285714,-0.632519,4.0,-0.07169181
2010-07-07 00:00:00+00,LONG,791,0.6566629048513444,-0.57769585,4.0,-0.054944057
2010-07-08 00:00:00+00,LONG,1195,0.0,0.3220093,3.0,-0.06736277
2010-07-13 00:00:00+00,LONG,4070,0.0,-0.1566918,3.0,-0.05194973
2010-09-01 00:00:00+00,LONG,2159,0.4445501541144541,0.6413638,3.0,-0.054236542
2010-09-01 00:00:00+00,LONG,2613,0.9545454545454546,-0.61893165,3.0,-0.033428185
2010-09-02 00:00:00+00,LONG,2262,0.0,-0.44656017,3.0,-0.029688863
2010-09-14 00:00:00+00,LONG,1072,1.0,-0.30735973,3.0,-0.03513427
2010-09-15 00:00:00+00,LONG,1072,0.9777777777777777,-0.6779447,4.0,-0.052694872
2010-10-08 00:00:00+00,LONG,5,0.16291943389182123,0.46330777,3.0,-0.040521096
2010-10-11 00:00:00+00,LONG,5,0.15306357109052748,-0.6578009,4.0,-0.0386524
2010-12-01 00:00:00+00,LONG,3078,0.6571428571428571,0.1210991,3.0,-0.035962705
2011-02-02 00:00:00+00,LONG,2751,0.0,0.2065403,3.0,-0.029451756
2011-02-23 00:00:00+00,LONG,9,0.3284521216369166,0.16820072,3.0,-0.029584603
2011-03-03 00:00:00+00,LONG,1423,0.0,0.0068810373,3.0,-0.0425502
2011-03-04 00:00:00+00,LONG,1423,0.0,-0.12612538,4.0,-0.05397858
2011-03-16 00:00:00+00,LONG,2440,0.7446701322759995,-0.3582314,4.0,-0.041110884
2011-03-18 00:00:00+00,LONG,2961,0.6654340864715711,0.048260435,3.0,-0.03668216
2011-03-23 00:00:00+00,LONG,753,0.8319844194229161,0.040061522,4.0,-0.03853402
2011-03-28 00:00:00+00,LONG,2261,0.625,0.19765168,3.0,-0.043233614
2011-03-30 00:00:00+00,LONG,1673,0.0,-0.16830231,3.0,-0.033211257
2011-05-16 00:00:00+00,LONG,578,0.0,0.3371813,3.0,-0.049933434
2011-05-23 00:00:00+00,LONG,1780,0.0,-0.12884676,3.0,-0.031660546
2011-06-03 00:00:00+00,LONG,1667,0.0,0.4001036,4.0,-0.03355993
2011-06-13 00:00:00+00,LONG,3621,0.0,-0.7129111,3.0,-0.036232363
2011-06-14 00:00:00+00,LONG,3621,0.0,-0.19081762,4.0,-0.03557159
2011-06-16 00:00:00+00,LONG,502,0.0,0.0726622,4.0,-0.040341336
2011-06-20 00:00:00+00,LONG,2440,0.0,-0.007997406,4.0,-0.0488
2011-07-22 00:00:00+00,LONG,3825,0.0,-0.2694824,3.0,-0.031712163
2011-07-25 00:00:00+00,LONG,3825,0.0,-0.08303709,4.0,-0.03291346
2011-08-10 00:00:00+00,LONG,817,0.0,-0.66068286,3.0,-0.06333232
2011-08-10 00:00:00+00,LONG,2004,0.0,-0.5057447,3.0,-0.03833116
2011-08-11 00:00:00+00,LONG,817,0.0,-0.6354102,4.0,-0.039538745
2011-08-11 00:00:00+00,LONG,3352,0.0,-0.55285186,3.0,-0.041976523
2011-08-12 00:00:00+00,LONG,3352,0.0,-0.6893556,4.0,-0.028555227
2011-08-12 00:00:00+00,LONG,1536,0.3644603938696018,0.0,4.0,-0.04325066
2011-08-15 00:00:00+00,LONG,808,0.0,-0.22076517,3.0,-0.03268254
2011-08-15 00:00:00+00,LONG,1631,0.0,0.23485655,4.0,-0.06224836
2011-08-15 00:00:00+00,LONG,1888,0.0,-0.54942656,4.0,-0.042228967
2011-08-16 00:00:00+00,LONG,158,0.4370797063520884,0.23841521,3.0,-0.028815322
2011-08-16 00:00:00+00,LONG,395,0.0,0.043136604,4.0,-0.044207793
2011-08-22 00:00:00+00,LONG,4171,0.0,0.010192334,3.0,-0.06282405
2011-08-22 00:00:00+00,LONG,3244,1.0,0.08207689,3.0,-0.07375919
2011-08-23 00:00:00+00,LONG,4171,0.0,-0.020175938,4.0,-0.033164363
2011-08-23 00:00:00+00,LONG,3355,0.0,-0.32220826,3.0,-0.029201275
2011-09-20 00:00:00+00,LONG,1767,0.0,0.117851384,3.0,-0.064689
2011-10-05 00:00:00+00,LONG,4137,0.48554605284325625,-0.6079807,3.0,-0.035862315
2011-10-05 00:00:00+00,LONG,2816,0.9795918367346939,-0.51029885,3.0,-0.0317386
2011-10-06 00:00:00+00,LONG,1867,0.9444444444444444,-0.1937718,4.0,-0.06626649
2011-10-07 00:00:00+00,LONG,356,0.23571417439839004,0.46290132,3.0,-0.046802785
2011-10-07 00:00:00+00,LONG,3100,0.8695652173913043,0.23000278,4.0,-0.05064459
2011-10-11 00:00:00+00,LONG,2151,0.84375,0.041236397,3.0,-0.04144672
2011-10-11 00:00:00+00,LONG,1361,0.0,-0.100518614,3.0,-0.037432373
2011-10-13 00:00:00+00,LONG,1610,0.17102034448750847,0.23390192,4.0,-0.029242773
2011-11-04 00:00:00+00,LONG,4122,0.06848376992498868,0.38321105,3.0,-0.041575022
2011-11-07 00:00:00+00,LONG,4122,0.0,-0.55656016,4.0,-0.044926107
2011-11-11 00:00:00+00,LONG,1004,0.0,-0.36898565,3.0,-0.049588915
2011-11-16 00:00:00+00,LONG,2129,0.0,-0.15526041,3.0,-0.032577123
2011-11-16 00:00:00+00,LONG,221,0.0,0.17147824,3.0,-0.031117607
2011-11-16 00:00:00+00,LONG,1377,0.0,-0.041801225,3.0,-0.050948218
2011-11-23 00:00:00+00,LONG,3182,0.0,0.13850215,4.0,-0.031837363
2011-11-23 00:00:00+00,LONG,1324,0.0,-0.5609245,3.0,-0.030951079
2011-12-01 00:00:00+00,LONG,450,0.2952577988178557,-0.18713444,4.0,-0.03566305
2011-12-23 00:00:00+00,LONG,3142,0.92,-0.3612445,4.0,-0.030602844
2011-12-29 00:00:00+00,LONG,3744,0.20712654859206217,0.13783494,3.0,-0.035821628
2011-12-29 00:00:00+00,LONG,1752,0.6774193548387097,0.0017663842,3.0,-0.044471398
2012-01-10 00:00:00+00,LONG,2720,0.9565217391304348,0.2226616,3.0,-0.054220166
2012-01-24 00:00:00+00,LONG,984,0.0,-0.4677191,3.0,-0.051351726
2012-03-06 00:00:00+00,LONG,817,0.0,-0.1831184,3.0,-0.057776306
2012-03-07 00:00:00+00,LONG,817,0.0,-0.64279157,4.0,-0.042120736
2012-03-22 00:00:00+00,LONG,2925,0.14540117317511345,0.5427918,3.0,-0.038287237
2012-05-16 00:00:00+00,LONG,629,0.0,-0.21547814,3.0,-0.061916728
2012-05-21 00:00:00+00,LONG,413,1.0,0.4375763,4.0,-0.05479125
2012-05-23 00:00:00+00,LONG,3882,0.6981412189773394,-0.079718985,3.0,-0.03810692
2012-05-24 00:00:00+00,LONG,3882,0.9830508474576272,0.37288657,4.0,-0.03499518
2012-06-04 00:00:00+00,LONG,3824,0.0,0.23884937,4.0,-0.038389437
2012-06-07 00:00:00+00,LONG,3704,0.6110541174139912,0.08202386,3.0,-0.060003977
2012-06-12 00:00:00+00,LONG,3838,0.5,-0.65348154,4.0,-0.04215489
2012-07-25 00:00:00+00,LONG,3607,0.6428721999562363,0.32950506,4.0,-0.03381628
2012-07-26 00:00:00+00,LONG,3885,0.8316530071780143,0.3990451,3.0,-0.0361505
2012-08-01 00:00:00+00,LONG,4223,0.7524710247088584,-0.1324034,3.0,-0.057261914
2012-08-02 00:00:00+00,LONG,1444,1.0,-0.657206,3.0,-0.029949991
2012-08-03 00:00:00+00,LONG,1444,0.6693614055293015,-0.047385026,4.0,-0.031130772
2012-08-09 00:00:00+00,LONG,594,0.31941358261225755,-0.43843037,4.0,-0.03972217
2012-08-13 00:00:00+00,LONG,4013,0.0,0.03544412,4.0,-0.06477881
2012-09-17 00:00:00+00,LONG,2801,0.0,0.053170886,4.0,-0.044225134
2012-09-19 00:00:00+00,LONG,1308,0.5990597283183223,-0.11912906,3.0,-0.031427972
2012-09-20 00:00:00+00,LONG,1308,0.6041503911707883,0.046406288,4.0,-0.030829048
2012-10-12 00:00:00+00,LONG,3148,0.4809055316663218,0.8266714,3.0,-0.06259396
2012-11-14 00:00:00+00,LONG,1099,0.6919612446307171,-0.44954893,3.0,-0.030981349
2012-11-14 00:00:00+00,LONG,3895,0.0,-0.63041097,4.0,-0.034561586
2012-11-15 00:00:00+00,LONG,1099,0.6665195195414237,-0.11937777,4.0,-0.034407306
2012-11-21 00:00:00+00,LONG,91,1.0,-0.105027914,4.0,-0.030509572
2012-11-23 00:00:00+00,LONG,1160,0.8214285714285714,-0.40247098,4.0,-0.037543193
2012-12-28 00:00:00+00,LONG,1108,0.656018624757809,0.041219387,3.0,-0.05130641
2012-12-31 00:00:00+00,LONG,1108,0.7275098812729932,0.020161277,4.0,-0.03538401
2013-03-06 00:00:00+00,LONG,874,0.0,-0.47317943,3.0,-0.073001795
2013-04-02 00:00:00+00,LONG,309,0.9375,0.5378828,3.0,-0.038859323
2013-04-17 00:00:00+00,LONG,191,0.8076923076923077,0.3932012,3.0,-0.058023266
2013-04-19 00:00:00+00,LONG,2230,0.0,-0.32425264,3.0,-0.036155947
2013-04-22 00:00:00+00,LONG,1173,0.42660162866500556,-0.1220697,4.0,-0.0331343
2013-04-22 00:00:00+00,LONG,1664,0.4721778663730318,-0.27935758,4.0,-0.029081326
2013-04-23 00:00:00+00,LONG,1462,0.5656026407611605,0.44358867,4.0,-0.04225168
2013-05-06 00:00:00+00,LONG,4201,0.0,-0.34296623,4.0,-0.045302622
2013-05-07 00:00:00+00,LONG,959,1.0,0.39338654,4.0,-0.044099193
2013-06-03 00:00:00+00,LONG,2431,0.5641664374073512,0.23678894,3.0,-0.06687443
2013-06-11 00:00:00+00,LONG,934,0.0,-0.0154359,3.0,-0.037112422
2013-06-24 00:00:00+00,LONG,475,0.8349566914771335,0.2269396,4.0,-0.045362264
2013-06-25 00:00:00+00,LONG,3703,0.5732699473465509,0.3014504,4.0,-0.06073676
2013-06-25 00:00:00+00,LONG,3831,0.98,-0.35688996,3.0,-0.03436593
2013-07-03 00:00:00+00,LONG,1051,0.5390650548619532,-0.20448357,3.0,-0.06947635
2013-07-05 00:00:00+00,LONG,1051,0.5161979163856416,0.00834091,4.0,-0.0619493
2013-07-08 00:00:00+00,LONG,2452,0.22045609026349816,-0.23264548,3.0,-0.052763026
2013-07-09 00:00:00+00,LONG,4107,0.6214924010051743,0.5085632,3.0,-0.037255194
2013-07-12 00:00:00+00,LONG,3255,0.92,0.40313193,3.0,-0.033777323
2013-08-12 00:00:00+00,LONG,3148,0.12232526889691775,-0.094205,3.0,-0.029520364
2013-08-21 00:00:00+00,LONG,3897,0.39624670917855126,-0.41478378,3.0,-0.035228163
2013-09-03 00:00:00+00,LONG,157,1.0,0.42202023,3.0,-0.0537959
2013-09-05 00:00:00+00,LONG,594,0.0,-0.5618077,3.0,-0.030797623
2013-09-09 00:00:00+00,LONG,3310,0.0,-0.4786694,3.0,-0.062032845
2013-09-19 00:00:00+00,LONG,4224,0.962962962962963,-0.09818876,4.0,-0.029238522
2013-10-14 00:00:00+00,LONG,2175,0.15731616366750725,0.2469614,3.0,-0.029245958
2013-12-19 00:00:00+00,LONG,2107,0.0,0.11737367,4.0,-0.05038684
2014-02-04 00:00:00+00,LONG,3595,0.4016613115893074,-0.3388291,4.0,-0.032268368
2014-02-06 00:00:00+00,LONG,2866,0.5830429644375921,0.10196037,3.0,-0.04734261
2014-02-06 00:00:00+00,LONG,2999,0.40542801445794074,0.062436603,3.0,-0.03534526
2014-02-07 00:00:00+00,LONG,2866,0.558437701828419,-0.19986708,4.0,-0.04491013
2014-02-07 00:00:00+00,LONG,834,0.49937417657282285,-0.47156075,4.0,-0.038326688
2014-02-10 00:00:00+00,LONG,3903,1.0,0.095517226,4.0,-0.047666732
2014-02-13 00:00:00+00,LONG,2042,0.584561893789953,0.84555686,4.0,-0.030390391
2014-02-19 00:00:00+00,LONG,220,0.0,-0.15434399,3.0,-0.04554465
2014-02-19 00:00:00+00,LONG,1745,0.5479319132872478,0.6282531,3.0,-0.03638304
2014-02-20 00:00:00+00,LONG,1745,0.6687434691845253,-0.217527,4.0,-0.029789908
2014-03-04 00:00:00+00,LONG,2391,0.16800681449444727,-0.04818451,3.0,-0.031797342
2014-03-13 00:00:00+00,LONG,2297,1.0,0.6794338,4.0,-0.05287315
2014-04-25 00:00:00+00,LONG,3905,0.008354733549227283,0.5186967,4.0,-0.03041868
2014-04-29 00:00:00+00,LONG,1690,0.6686264939763894,0.13315192,4.0,-0.031265505
2014-04-29 00:00:00+00,LONG,3763,0.3706252215352154,0.11607121,4.0,-0.062175587
2014-05-01 00:00:00+00,LONG,3699,0.4554649169115931,-0.6967435,3.0,-0.03939444
2014-05-06 00:00:00+00,LONG,4172,0.0,-0.024155293,3.0,-0.028622469
2014-05-13 00:00:00+00,LONG,4083,0.6886912105997984,-0.23682195,3.0,-0.038468335
2014-05-21 00:00:00+00,LONG,3649,0.875,-0.40774083,4.0,-0.06833528
2014-05-27 00:00:00+00,LONG,93,0.201299899291826,-0.34656507,4.0,-0.031157829
2014-05-30 00:00:00+00,LONG,2747,0.46923056363715665,0.8361079,4.0,-0.03189786
2014-06-11 00:00:00+00,LONG,2582,0.2604660961218248,0.4954524,4.0,-0.03879269
2014-07-01 00:00:00+00,LONG,714,0.0,-0.30700672,3.0,-0.030538931
2014-07-07 00:00:00+00,LONG,2041,0.9818181818181818,-0.08161663,3.0,-0.029282516
2014-07-17 00:00:00+00,LONG,2116,0.641025641025641,0.44108075,3.0,-0.03439721
2014-07-17 00:00:00+00,LONG,1967,0.0,0.21884735,3.0,-0.028884644
2014-07-28 00:00:00+00,LONG,3838,0.0,0.1636856,3.0,-0.0431077
2014-08-05 00:00:00+00,LONG,2099,0.7806336601245564,-0.7152684,4.0,-0.028700817
2014-08-06 00:00:00+00,LONG,19,0.0,-0.39719373,3.0,-0.04522492
2014-10-16 00:00:00+00,LONG,1306,0.21323655829563726,0.2752771,3.0,-0.035890635
2014-10-20 00:00:00+00,LONG,1919,0.0,-0.58493936,4.0,-0.028564109
2014-10-27 00:00:00+00,LONG,3743,0.0,0.4672435,3.0,-0.04772193
2014-10-28 00:00:00+00,LONG,3743,0.0,-0.06277684,4.0,-0.02867598
2014-10-29 00:00:00+00,LONG,3861,0.59409586652656,-0.008904746,4.0,-0.055077244
2014-10-30 00:00:00+00,LONG,1927,0.4167056790260871,0.57486093,3.0,-0.029577173
2014-12-15 00:00:00+00,LONG,3686,0.0,0.3762614,3.0,-0.03911172
2014-12-16 00:00:00+00,LONG,588,0.0,-0.31938627,3.0,-0.050225627
2015-01-13 00:00:00+00,LONG,1742,1.0,-0.13480379,4.0,-0.057257615
2015-01-16 00:00:00+00,LONG,1270,0.10267745707280965,0.043941457,3.0,-0.052220285
2015-01-16 00:00:00+00,LONG,4000,0.4814269486121911,-0.1178523,3.0,-0.053976282
2015-01-20 00:00:00+00,LONG,652,0.5552360550699602,-0.47580957,4.0,-0.05901791
2015-01-20 00:00:00+00,LONG,2877,0.5679091398935465,-0.67306215,3.0,-0.058944248
2015-02-05 00:00:00+00,LONG,2936,0.22911934288167357,-0.17846678,3.0,-0.0485496
2015-03-11 00:00:00+00,LONG,1770,0.0,-0.31930587,3.0,-0.04276017
2015-03-11 00:00:00+00,LONG,4092,0.0,-0.5596043,3.0,-0.02880402
2015-03-12 00:00:00+00,LONG,1770,0.0,-0.1791925,4.0,-0.048388712
2015-03-13 00:00:00+00,LONG,2815,0.0,0.1997629,3.0,-0.039471608
2015-03-17 00:00:00+00,LONG,4123,0.0,0.28603324,3.0,-0.033409886
2015-03-17 00:00:00+00,LONG,1673,1.0,0.31096485,3.0,-0.04730954
2015-03-19 00:00:00+00,LONG,2965,0.34352984859616004,-0.6741431,3.0,-0.028410254
2015-03-24 00:00:00+00,LONG,2999,0.0,-0.38553512,3.0,-0.05233714
2015-04-10 00:00:00+00,LONG,2514,0.0,-0.12542264,3.0,-0.029750753
2015-06-10 00:00:00+00,LONG,429,0.0,0.66574967,4.0,-0.03558758
2015-07-09 00:00:00+00,LONG,988,0.5706737784716388,0.38572147,3.0,-0.02980729
2015-07-17 00:00:00+00,LONG,406,0.6756756756756757,-0.46404678,4.0,-0.03167602
2015-08-24 00:00:00+00,LONG,2661,1.0,0.3541394,4.0,-0.06943321
2015-09-01 00:00:00+00,LONG,1144,0.0,0.33332077,3.0,-0.035170212
2015-09-01 00:00:00+00,LONG,1631,0.0,0.27689338,3.0,-0.034462392
2015-09-02 00:00:00+00,LONG,2910,0.16976053284706344,-0.19522975,4.0,-0.030845461
2015-09-02 00:00:00+00,LONG,1631,0.0,0.0034549315,4.0,-0.030034913
2015-09-30 00:00:00+00,LONG,1551,0.0,-0.37433738,3.0,-0.029612014
2015-09-30 00:00:00+00,LONG,3684,0.0,-0.17805424,3.0,-0.05120308
2015-10-02 00:00:00+00,LONG,234,0.0,-0.575669,3.0,-0.03005005
2015-10-02 00:00:00+00,LONG,3199,0.0,-0.073523246,4.0,-0.034789704
2015-10-05 00:00:00+00,LONG,234,0.0,-0.4838296,4.0,-0.039212186
2015-10-06 00:00:00+00,LONG,1742,0.0,-0.6348539,3.0,-0.049064662
2015-10-08 00:00:00+00,LONG,158,0.0,0.2650565,4.0,-0.040706147
2015-10-13 00:00:00+00,LONG,2910,0.0,0.024036331,3.0,-0.052582208
2015-12-01 00:00:00+00,LONG,4061,0.0,-0.3678791,4.0,-0.052044433
2015-12-17 00:00:00+00,LONG,1700,0.0,-0.032024972,3.0,-0.03819744
2015-12-18 00:00:00+00,LONG,3116,0.0,-0.6190331,4.0,-0.040786605
2015-12-28 00:00:00+00,LONG,1748,0.0,-0.046797905,3.0,-0.029741816
2016-01-26 00:00:00+00,LONG,3794,0.8333333333333334,-0.072125964,3.0,-0.029784255
2016-01-26 00:00:00+00,LONG,3811,0.6987195780849562,-0.33619142,4.0,-0.03511233
2016-02-08 00:00:00+00,LONG,3310,0.22385285106347683,0.38689002,3.0,-0.04708219
2016-02-11 00:00:00+00,LONG,3872,1.0,-0.08159749,4.0,-0.052833956
2016-02-16 00:00:00+00,LONG,309,0.769607859131959,-0.68836564,3.0,-0.05107324
2016-02-16 00:00:00+00,LONG,2990,0.5830202866746177,-0.6509308,3.0,-0.039768264
2016-02-17 00:00:00+00,LONG,2990,0.11843113477062077,0.09835851,4.0,-0.02995215
2016-02-18 00:00:00+00,LONG,937,0.2329963394114508,-0.061590906,4.0,-0.032922793
2016-02-18 00:00:00+00,LONG,1966,0.8947368421052632,-0.33641243,4.0,-0.033141416
2016-02-19 00:00:00+00,LONG,1175,1.0,0.15066145,3.0,-0.035194304
2016-02-22 00:00:00+00,LONG,1175,0.9696969696969697,0.20675017,4.0,-0.037879296
2016-04-08 00:00:00+00,LONG,2175,0.0,0.003427579,3.0,-0.040119264
2016-05-04 00:00:00+00,LONG,1985,0.0,-0.12888624,4.0,-0.039111685
2016-06-27 00:00:00+00,LONG,167,1.0,-0.35814962,3.0,-0.033401135
2016-06-27 00:00:00+00,LONG,3640,0.7336978576100598,-0.06482889,3.0,-0.0460222
2016-06-28 00:00:00+00,LONG,3640,0.6194145513768157,0.18135008,4.0,-0.049135532
2016-06-29 00:00:00+00,LONG,2107,0.22889640335141376,0.11729179,3.0,-0.057781905
2016-06-29 00:00:00+00,LONG,4194,0.9622641509433962,0.61288416,3.0,-0.054287877
2016-06-29 00:00:00+00,LONG,517,0.0,-0.41326767,3.0,-0.03300539
2016-06-29 00:00:00+00,LONG,557,0.935483870967742,0.62654966,4.0,-0.039441895
2016-06-29 00:00:00+00,LONG,3335,0.9259259259259259,-0.24556641,3.0,-0.04039726
2016-06-29 00:00:00+00,LONG,3581,0.31252456599546596,-0.6918107,3.0,-0.057446178
2016-06-29 00:00:00+00,LONG,4050,0.0,0.69391054,3.0,-0.032635804
2016-06-30 00:00:00+00,LONG,4194,0.0,-0.3335548,4.0,-0.069690876
2016-06-30 00:00:00+00,LONG,517,0.0,0.109763466,4.0,-0.044121504
2016-06-30 00:00:00+00,LONG,2936,0.4253074847541942,0.52619356,3.0,-0.07319411
2016-06-30 00:00:00+00,LONG,3335,0.8888888888888888,-0.091413476,4.0,-0.06831787
2016-06-30 00:00:00+00,LONG,3378,0.0,0.28073218,3.0,-0.032980446
2016-06-30 00:00:00+00,LONG,3973,0.0,0.62947625,3.0,-0.0481274
2016-07-06 00:00:00+00,LONG,694,0.35124515430598924,-0.4917247,4.0,-0.06838145
2016-07-06 00:00:00+00,LONG,906,1.0,0.84048444,4.0,-0.029062042
2016-07-06 00:00:00+00,LONG,3161,0.8947368421052632,0.6001329,3.0,-0.032040715
2016-08-02 00:00:00+00,LONG,1299,0.04502055566241761,0.11308809,3.0,-0.030986154
2016-08-03 00:00:00+00,LONG,1198,0.34393096081185576,0.10367494,3.0,-0.07258961
2016-09-19 00:00:00+00,LONG,1474,0.0,0.2405463,3.0,-0.04220142
2016-10-11 00:00:00+00,LONG,88,0.0,-0.23406105,3.0,-0.051910207
2016-11-15 00:00:00+00,LONG,2925,0.9782608695652174,-0.09026763,3.0,-0.066886865
2016-11-15 00:00:00+00,LONG,3754,0.10060457674481993,-0.018771943,3.0,-0.031074248
2016-11-16 00:00:00+00,LONG,2925,0.34183259343962713,-0.34567118,4.0,-0.05257131
2016-11-17 00:00:00+00,LONG,3573,0.6010828317340807,-0.57801574,3.0,-0.0547745
2017-01-31 00:00:00+00,LONG,2050,0.6254564276085849,-0.6370528,3.0,-0.062253222
2017-02-01 00:00:00+00,LONG,2050,0.5281014027954349,-0.39150235,4.0,-0.039752882
2017-02-08 00:00:00+00,LONG,3897,0.2412900151605188,0.24440232,4.0,-0.03371287
2017-03-09 00:00:00+00,LONG,356,0.0,0.23630825,4.0,-0.07260647
2017-03-10 00:00:00+00,LONG,1807,0.0,-0.33976498,3.0,-0.06836675
2017-03-14 00:00:00+00,LONG,1198,0.9230769230769231,0.63739574,4.0,-0.033285923
2017-05-04 00:00:00+00,LONG,68,0.8636363636363636,-0.075901255,3.0,-0.0288016
2017-05-11 00:00:00+00,LONG,3847,0.4848848805137306,0.22277416,3.0,-0.06910316
2017-05-18 00:00:00+00,LONG,2568,0.27360341090323004,0.7942532,3.0,-0.040259626
2017-05-18 00:00:00+00,LONG,2877,0.6673276793196125,-0.50553876,4.0,-0.04659759
2017-07-11 00:00:00+00,LONG,2643,0.0,-0.11844347,4.0,-0.03180845
2017-08-11 00:00:00+00,LONG,2297,0.24857715632363764,0.37527728,4.0,-0.04140683
2017-08-18 00:00:00+00,LONG,874,0.2047763053012656,-0.30669263,3.0,-0.044225816
2017-08-21 00:00:00+00,LONG,2262,0.5672001371004434,0.27545857,4.0,-0.035671297
2017-08-21 00:00:00+00,LONG,2661,1.0,0.10438045,3.0,-0.06251782
2017-08-22 00:00:00+00,LONG,2661,0.9714285714285714,0.21546413,4.0,-0.040810764
2017-09-08 00:00:00+00,LONG,413,0.9777777777777777,-0.67563665,3.0,-0.038181603
2017-09-08 00:00:00+00,LONG,3216,0.8640644018615723,0.030538248,4.0,-0.056564048
2017-09-11 00:00:00+00,LONG,2270,0.8025649011114917,0.65526587,4.0,-0.031057205
2017-09-11 00:00:00+00,LONG,413,0.9555555555555556,0.2150747,4.0,-0.03583079
2017-09-14 00:00:00+00,LONG,3456,1.0,-0.51576495,4.0,-0.048246495
2017-09-14 00:00:00+00,LONG,1790,0.25900294221227615,0.23260625,3.0,-0.03055694
2017-10-03 00:00:00+00,LONG,995,0.3230759501974039,-0.23597026,3.0,-0.03981838
2017-10-30 00:00:00+00,LONG,2125,0.0,-0.5451628,3.0,-0.03162514
2017-11-08 00:00:00+00,LONG,4223,1.0,-0.30919066,3.0,-0.057730146
2017-11-15 00:00:00+00,LONG,974,0.4756323154399605,0.55434746,4.0,-0.04523832
2017-11-15 00:00:00+00,LONG,3851,1.0,0.2866412,3.0,-0.041353438
2017-11-16 00:00:00+00,LONG,3649,0.0,-0.16173248,3.0,-0.04161232
2017-11-29 00:00:00+00,LONG,3649,0.607843137254902,0.033121035,4.0,-0.031975027
2017-12-06 00:00:00+00,LONG,602,1.0,0.14071098,4.0,-0.03983406
2017-12-06 00:00:00+00,LONG,610,1.0,0.023784379,4.0,-0.029377742
2017-12-12 00:00:00+00,LONG,3963,0.9024390243902439,-0.3369006,3.0,-0.04652938
2017-12-20 00:00:00+00,LONG,2370,0.0,-0.27825257,4.0,-0.031197203
2018-02-09 00:00:00+00,LONG,262,1.0,-0.12500393,3.0,-0.033402707
2018-02-15 00:00:00+00,LONG,2067,0.0,0.14265582,4.0,-0.036074184
2018-02-15 00:00:00+00,LONG,3378,0.20456170682036212,-0.41250017,3.0,-0.053440593
2018-03-09 00:00:00+00,LONG,2760,0.03177392601170781,-0.059300154,3.0,-0.030930297
2018-03-20 00:00:00+00,LONG,1869,0.0,-0.18066739,3.0,-0.048830748
2018-04-04 00:00:00+00,LONG,838,0.37653399300799445,-0.16823079,3.0,-0.031308528
2018-04-04 00:00:00+00,LONG,1303,1.0,0.5213541,3.0,-0.042804945
2018-04-05 00:00:00+00,LONG,15,0.5210311673755379,-0.18546344,3.0,-0.0442129
2018-04-06 00:00:00+00,LONG,15,0.3402141138799917,0.28215423,4.0,-0.03841833
2018-04-09 00:00:00+00,LONG,3596,0.10887646836808385,-0.20161356,3.0,-0.029546386
2018-04-10 00:00:00+00,LONG,1927,0.0,-0.4883715,3.0,-0.030994415
2018-05-04 00:00:00+00,LONG,4083,0.0,-0.52108353,3.0,-0.042484574
2018-05-07 00:00:00+00,LONG,1585,0.2611070243921782,-0.17742628,3.0,-0.03325306
2018-05-08 00:00:00+00,LONG,3763,0.8876803535944907,0.15026468,4.0,-0.07210373
2018-05-10 00:00:00+00,LONG,3716,0.2432432432432432,0.21531847,3.0,-0.048583042
2018-05-11 00:00:00+00,LONG,3716,0.14591510818602613,0.051017065,4.0,-0.03693444
2018-06-20 00:00:00+00,LONG,1069,0.0,-0.3787095,3.0,-0.051218614
2018-06-21 00:00:00+00,LONG,1069,0.0,-0.18731679,4.0,-0.038292605
2018-07-02 00:00:00+00,LONG,3581,0.0,0.04023756,3.0,-0.030265545
2018-07-06 00:00:00+00,LONG,3456,1.0,-0.24993925,4.0,-0.029216135
2018-10-10 00:00:00+00,LONG,3703,0.0,-0.07845955,3.0,-0.029952593
2018-10-11 00:00:00+00,LONG,730,1.0,-0.34965783,3.0,-0.039135452
2018-10-18 00:00:00+00,LONG,1532,0.0,0.42385793,4.0,-0.028947769
2018-10-24 00:00:00+00,LONG,3271,0.0,0.44381207,3.0,-0.04767179
2018-10-25 00:00:00+00,LONG,3271,0.0,0.19543707,4.0,-0.029826317
2018-10-26 00:00:00+00,LONG,2482,0.0,-0.39152825,4.0,-0.035026506
2018-10-26 00:00:00+00,LONG,558,0.0,-0.27857074,3.0,-0.031741306
2018-10-31 00:00:00+00,LONG,3182,0.0,-0.2379767,3.0,-0.04095402
2018-11-07 00:00:00+00,LONG,2032,0.0,0.013060954,3.0,-0.051573496
2018-11-26 00:00:00+00,LONG,4247,0.85,0.3341239,3.0,-0.05612481
2018-12-04 00:00:00+00,LONG,3702,0.0,-0.0060583246,4.0,-0.06423215
2018-12-12 00:00:00+00,LONG,5,0.0,-0.6049919,3.0,-0.046053268
2018-12-27 00:00:00+00,LONG,1360,0.96,-0.5648274,3.0,-0.044025045
2018-12-28 00:00:00+00,LONG,920,0.41077501031086344,-0.024433147,3.0,-0.052160095
2018-12-31 00:00:00+00,LONG,3287,0.9,-0.41074622,4.0,-0.030898571
2019-01-02 00:00:00+00,LONG,370,0.9298245614035088,0.6405856,3.0,-0.0654619
2019-01-07 00:00:00+00,LONG,345,0.6306884634984576,0.67876136,4.0,-0.033743173
2019-01-07 00:00:00+00,LONG,1160,0.7586206896551724,0.25060302,3.0,-0.031210942
2019-01-07 00:00:00+00,LONG,1299,0.6683389416786735,0.4907072,3.0,-0.04397099
2019-01-10 00:00:00+00,LONG,1371,0.58336609669847,0.7173014,3.0,-0.043001387
2019-02-13 00:00:00+00,LONG,3330,0.10768213875886837,-0.5071474,3.0,-0.044418268
2019-02-28 00:00:00+00,LONG,761,0.0,-0.48830807,3.0,-0.03199929
2019-03-13 00:00:00+00,LONG,4118,0.0,-0.14339557,3.0,-0.032291178
2019-03-14 00:00:00+00,LONG,1377,0.5531693506778345,-0.30418018,4.0,-0.03061754
2019-03-21 00:00:00+00,LONG,2006,0.0,0.5126239,4.0,-0.034552883
2019-03-26 00:00:00+00,LONG,631,0.37711635833262724,-0.58944315,3.0,-0.031106979
2019-03-26 00:00:00+00,LONG,2830,0.9523809523809523,-0.0030981505,3.0,-0.03654522
2019-03-26 00:00:00+00,LONG,3359,0.0,0.034709953,3.0,-0.06520944
2019-03-26 00:00:00+00,LONG,1434,0.5749890521315655,0.45393696,4.0,-0.06352672
2019-03-27 00:00:00+00,LONG,2119,0.4306675507735956,-0.10949507,3.0,-0.06342708
2019-03-27 00:00:00+00,LONG,3216,0.2186842224464806,-0.692421,3.0,-0.059428114
2019-04-05 00:00:00+00,LONG,2497,0.3269089867858983,-0.11090429,3.0,-0.05270599
2019-04-23 00:00:00+00,LONG,4049,0.9161141606231967,-0.19613051,3.0,-0.06977787
2019-04-26 00:00:00+00,LONG,3179,0.07055146792123174,0.18309028,4.0,-0.030968303
2019-05-20 00:00:00+00,LONG,304,0.46993104871873986,-0.1722188,4.0,-0.04826397
2019-05-21 00:00:00+00,LONG,1069,0.9803921568627451,0.36296332,4.0,-0.066850446
2019-05-23 00:00:00+00,LONG,3357,0.0,-0.2878947,3.0,-0.03253877
2019-05-31 00:00:00+00,LONG,3918,0.1285424914711444,0.23856875,3.0,-0.04645805
2019-06-03 00:00:00+00,LONG,2330,0.19873903586999048,0.5994073,4.0,-0.049148966
2019-06-05 00:00:00+00,LONG,2898,0.0,-0.41519636,4.0,-0.03699124
2019-06-05 00:00:00+00,LONG,3078,0.9375,-0.07752252,3.0,-0.04198641
2019-06-05 00:00:00+00,LONG,1173,0.0,-0.5691973,4.0,-0.06787834
2019-06-06 00:00:00+00,LONG,443,0.4014701968209647,0.04682627,3.0,-0.062364675
2019-06-07 00:00:00+00,LONG,1288,0.15896657575226666,-0.19355597,4.0,-0.034576032
2019-06-07 00:00:00+00,LONG,1447,0.12240907876603214,-0.5796564,4.0,-0.032521196
2019-06-10 00:00:00+00,LONG,3988,0.0,-0.10428234,3.0,-0.06169267
2019-06-11 00:00:00+00,LONG,3988,0.0,0.5343429,4.0,-0.031126704
2019-06-12 00:00:00+00,LONG,2061,0.0,0.3494601,3.0,-0.03360717
2019-07-11 00:00:00+00,LONG,2999,0.0,0.10853317,3.0,-0.0561455
2019-07-24 00:00:00+00,LONG,4224,0.9473684210526316,-0.2262339,3.0,-0.06256341
2019-08-16 00:00:00+00,LONG,2298,0.9696969696969697,0.20297995,3.0,-0.038513042
2019-08-23 00:00:00+00,LONG,68,0.8675126773922083,0.42368788,3.0,-0.043607645
2019-08-29 00:00:00+00,LONG,3685,0.9583333333333334,0.5304556,3.0,-0.038892344
2019-09-03 00:00:00+00,LONG,1523,0.0,0.38083953,4.0,-0.029918773
2019-10-03 00:00:00+00,LONG,2175,0.0,-0.70393735,3.0,-0.030722888
2019-10-08 00:00:00+00,LONG,1064,1.0,-0.021478299,3.0,-0.0331184
2019-10-08 00:00:00+00,LONG,1684,1.0,-0.13471994,4.0,-0.031973455
2019-10-09 00:00:00+00,LONG,4118,0.332593036347053,-0.23694411,3.0,-0.03825543
2019-10-09 00:00:00+00,LONG,1064,0.8882165608235837,-0.27869797,4.0,-0.029000655
2019-10-09 00:00:00+00,LONG,3828,1.0,-0.58753824,3.0,-0.032752648
2019-10-09 00:00:00+00,LONG,1949,0.18017524629094728,0.4251918,4.0,-0.061463002
2019-10-10 00:00:00+00,LONG,3828,0.9615384615384616,0.12579292,4.0,-0.039639164
2019-10-14 00:00:00+00,LONG,2534,0.0,-0.31839895,4.0,-0.028960574
2019-10-18 00:00:00+00,LONG,663,0.96,-0.6289684,3.0,-0.050054643
2019-10-21 00:00:00+00,LONG,3595,0.0,0.6862617,3.0,-0.04806391
2019-10-23 00:00:00+00,LONG,3802,0.6666666666666667,0.62179184,3.0,-0.029134817
2019-10-28 00:00:00+00,LONG,1633,0.0,0.78575534,4.0,-0.05883412
2019-11-05 00:00:00+00,LONG,1853,0.0,-0.055279445,4.0,-0.035988715
2019-11-19 00:00:00+00,LONG,1051,0.23684210526315796,0.74525154,3.0,-0.046179447
2019-11-25 00:00:00+00,LONG,354,0.0,0.6234823,4.0,-0.058630303
2019-12-18 00:00:00+00,LONG,918,0.0,-0.14547351,3.0,-0.04638752
2020-01-08 00:00:00+00,LONG,1082,0.0,0.8166906,3.0,-0.036448054
2020-03-16 00:00:00+00,LONG,2661,1.0,-0.14749566,4.0,-0.058039363
2020-03-19 00:00:00+00,LONG,843,0.5438293180464205,-0.65154755,3.0,-0.06855013
2020-03-25 00:00:00+00,LONG,1664,0.9642857142857143,-0.0804726,3.0,-0.03687633
2020-03-25 00:00:00+00,LONG,4034,0.92,-0.028916933,4.0,-0.041861016
2020-05-19 00:00:00+00,LONG,3683,0.47486005950678295,-0.3353697,3.0,-0.07089609
2020-05-20 00:00:00+00,LONG,2638,0.14348155452008168,-0.4127447,4.0,-0.042927776
2020-05-20 00:00:00+00,LONG,3683,0.43998627818566266,0.18310457,4.0,-0.0344189
2020-06-16 00:00:00+00,LONG,558,0.46708998591241613,-0.3267694,3.0,-0.039107017
2020-06-17 00:00:00+00,LONG,558,0.42470657232792824,-0.37381765,4.0,-0.030348308
2020-06-29 00:00:00+00,LONG,354,1.0,0.008116072,3.0,-0.048481453
2020-06-30 00:00:00+00,LONG,2345,0.7256091115213252,-0.17472908,3.0,-0.04256917
2020-06-30 00:00:00+00,LONG,354,0.9736842105263158,-0.075650305,4.0,-0.07116928
2020-06-30 00:00:00+00,LONG,3359,0.9166666666666666,0.07540005,4.0,-0.04808024
2020-06-30 00:00:00+00,LONG,3793,0.317708747528072,-0.3040743,4.0,-0.042874128
2020-07-01 00:00:00+00,LONG,4171,0.1820755036059555,-0.41113907,3.0,-0.040025525
2020-07-01 00:00:00+00,LONG,3098,0.4499000507748211,-0.4248088,3.0,-0.03404288
2020-07-02 00:00:00+00,LONG,796,0.0,-0.33345377,4.0,-0.039351843
2020-07-02 00:00:00+00,LONG,3098,0.9322033898305084,0.040678483,4.0,-0.034901652
2020-07-10 00:00:00+00,LONG,2119,1.0,0.018560685,3.0,-0.030830368
2020-08-03 00:00:00+00,LONG,1985,0.0,0.03993593,4.0,-0.04285318
2020-08-04 00:00:00+00,LONG,3203,0.0,0.063137434,3.0,-0.04017426
2020-08-05 00:00:00+00,LONG,2330,0.935483870967742,0.66464835,3.0,-0.043611668
2020-08-05 00:00:00+00,LONG,2568,0.4308129886164116,-0.2956754,4.0,-0.034126017
2020-08-05 00:00:00+00,LONG,3203,0.0,0.25963628,4.0,-0.03425602
2020-08-06 00:00:00+00,LONG,4171,0.0,-0.50711507,3.0,-0.030047288
2020-08-06 00:00:00+00,LONG,2330,0.9032258064516129,0.32634252,4.0,-0.03816397
2020-08-10 00:00:00+00,LONG,2751,0.0,-0.031079398,4.0,-0.035683822
2020-08-31 00:00:00+00,LONG,1361,0.0,0.07465489,3.0,-0.039329227
2020-09-01 00:00:00+00,LONG,796,0.0,-0.48558864,3.0,-0.029450258
2020-09-01 00:00:00+00,LONG,1361,0.0,0.45110598,4.0,-0.046188485
2020-09-24 00:00:00+00,LONG,2972,0.7881963373889491,0.22711281,3.0,-0.037366267
2020-09-25 00:00:00+00,LONG,2972,0.9565217391304348,-0.18797246,4.0,-0.032290865
2020-09-29 00:00:00+00,LONG,604,0.88,-0.6736665,3.0,-0.0579577
2020-09-30 00:00:00+00,LONG,1719,0.8636363636363636,0.41002184,4.0,-0.03404131
2020-09-30 00:00:00+00,LONG,3811,0.8695652173913043,-0.38981652,4.0,-0.03145578
2020-10-01 00:00:00+00,LONG,1205,0.0,0.011432084,3.0,-0.029162664
2020-10-01 00:00:00+00,LONG,1848,0.8148148148148149,-0.49370497,4.0,-0.048031792
2020-10-05 00:00:00+00,LONG,2950,1.0,0.2918919,4.0,-0.05701337
2020-10-09 00:00:00+00,LONG,3538,0.0,-0.37080568,4.0,-0.04600889
2020-10-29 00:00:00+00,LONG,1967,1.0,0.3132472,3.0,-0.07318353
2020-10-30 00:00:00+00,LONG,1967,0.9722222222222222,-0.5911018,4.0,-0.06208084
2020-11-02 00:00:00+00,LONG,2479,0.9830508474576272,-0.4091812,3.0,-0.02873261
2020-11-02 00:00:00+00,LONG,522,0.9655172413793104,-0.13736974,3.0,-0.055904247
2020-11-03 00:00:00+00,LONG,1444,0.9090909090909091,-0.665925,4.0,-0.06149243
2020-11-04 00:00:00+00,LONG,2064,0.9491525423728814,0.060840614,4.0,-0.03257758
2020-11-04 00:00:00+00,LONG,450,0.4909033250863068,-0.55661905,4.0,-0.032666873
2020-11-04 00:00:00+00,LONG,3153,0.9655172413793104,0.22263955,3.0,-0.028714372
2020-11-04 00:00:00+00,LONG,4059,0.0,0.23761031,4.0,-0.035513986
2020-11-05 00:00:00+00,LONG,3153,0.9482758620689655,0.19033127,4.0,-0.041971028
2020-11-06 00:00:00+00,LONG,3182,0.0,-0.25564256,4.0,-0.034227118
2020-11-06 00:00:00+00,LONG,3862,0.5,-0.23582841,4.0,-0.048116803
2020-11-09 00:00:00+00,LONG,780,0.0,0.5252597,4.0,-0.039057862
2020-11-09 00:00:00+00,LONG,1471,0.0,0.45998186,4.0,-0.0467515
2020-11-10 00:00:00+00,LONG,2640,0.35211543571214027,-0.112850696,4.0,-0.067922585
2020-11-10 00:00:00+00,LONG,2870,0.0,-0.24024472,3.0,-0.036827672
2020-11-10 00:00:00+00,LONG,838,0.0,-0.06582968,4.0,-0.049229592
2020-11-10 00:00:00+00,LONG,874,0.9696969696969697,-0.6962901,3.0,-0.028838601
2020-11-18 00:00:00+00,LONG,3548,0.6129032258064516,0.480093,4.0,-0.029629814
2020-11-27 00:00:00+00,LONG,2619,0.0,-0.69016063,3.0,-0.06417473
2021-02-03 00:00:00+00,LONG,786,0.7109781094850308,-0.20400599,4.0,-0.07002424
2021-02-08 00:00:00+00,LONG,2884,0.6799999999999999,0.12174809,3.0,-0.050658837
2021-02-10 00:00:00+00,LONG,3182,0.6956521739130435,0.7337,4.0,-0.030916262
2021-03-03 00:00:00+00,LONG,433,0.5261982540898587,0.38429064,3.0,-0.060819354
2021-03-04 00:00:00+00,LONG,388,0.9795918367346939,0.5114963,3.0,-0.05853734
2021-03-05 00:00:00+00,LONG,220,0.8869202181814281,0.051158726,3.0,-0.038494337
2021-03-05 00:00:00+00,LONG,2751,0.0,-0.0624788,4.0,-0.030713141
2021-03-05 00:00:00+00,LONG,3882,0.0,-0.5127555,3.0,-0.031519756
2021-03-08 00:00:00+00,LONG,4215,0.03125,-0.12681316,3.0,-0.030305196
2021-03-08 00:00:00+00,LONG,220,0.9777777777777777,0.27054226,4.0,-0.041547682
2021-03-08 00:00:00+00,LONG,2617,0.44127205949273207,-0.21573961,3.0,-0.046350576
2021-03-08 00:00:00+00,LONG,3882,0.9464285714285714,-0.026272563,4.0,-0.062664665
2021-03-09 00:00:00+00,LONG,2028,0.9782608695652174,0.6394513,4.0,-0.064563245
2021-03-10 00:00:00+00,LONG,11,0.6636499021435571,-0.27567676,3.0,-0.03843454
2021-03-11 00:00:00+00,LONG,11,0.6791267148319292,-0.41264722,4.0,-0.029443964
2021-03-11 00:00:00+00,LONG,1586,0.9069767441860466,0.6086402,3.0,-0.058056265
2021-03-12 00:00:00+00,LONG,465,0.40051988804311783,-0.6917309,3.0,-0.0605007
2021-03-15 00:00:00+00,LONG,465,0.43600433294725865,0.038287487,4.0,-0.060182203
2021-03-23 00:00:00+00,LONG,1767,0.3730075443819281,-0.15208864,3.0,-0.05853256
2021-03-24 00:00:00+00,LONG,1767,0.32833831572659,0.43777862,4.0,-0.053797115
2021-03-30 00:00:00+00,LONG,2910,0.7741935483870968,0.14736536,3.0,-0.030701905
2021-04-05 00:00:00+00,LONG,2686,0.84,-0.023105972,3.0,-0.028676499
2021-04-06 00:00:00+00,LONG,2686,0.8,0.32807148,4.0,-0.03110075
2021-04-07 00:00:00+00,LONG,142,0.7241379310344828,-0.21165684,3.0,-0.041669764
2021-04-07 00:00:00+00,LONG,788,0.9259259259259259,0.007725214,3.0,-0.0633323
2021-04-08 00:00:00+00,LONG,142,0.6896551724137931,-0.53011316,4.0,-0.030346548
2021-04-08 00:00:00+00,LONG,788,0.8888888888888888,-0.36250532,4.0,-0.033771686
2021-04-09 00:00:00+00,LONG,2209,1.0,-0.46651337,4.0,-0.033595487
2021-04-12 00:00:00+00,LONG,1919,0.2574630076535854,-0.15111771,3.0,-0.030635327
2021-04-14 00:00:00+00,LONG,502,0.0,-0.22749268,3.0,-0.03780893
2021-04-16 00:00:00+00,LONG,506,0.0,-0.3354741,4.0,-0.035950378
2021-04-20 00:00:00+00,LONG,1927,1.0,0.08914855,3.0,-0.069757305
2021-04-23 00:00:00+00,LONG,3702,0.0,0.44851902,3.0,-0.046195634
2021-05-13 00:00:00+00,LONG,2930,1.0,0.4953985,3.0,-0.029289534
2021-06-01 00:00:00+00,LONG,1919,0.0,-0.30392542,3.0,-0.03649306
2021-06-02 00:00:00+00,LONG,1919,0.0,-0.115851395,4.0,-0.055503916
2021-06-17 00:00:00+00,LONG,1069,0.41682926794421327,0.38598427,3.0,-0.03437828
2021-07-07 00:00:00+00,LONG,2133,0.0,0.57200456,3.0,-0.07158653
2021-07-08 00:00:00+00,LONG,2133,0.0,-0.5307643,4.0,-0.07182427
2021-07-08 00:00:00+00,LONG,3607,0.6976744186046512,0.27196938,3.0,-0.03937455
2021-07-08 00:00:00+00,LONG,4061,0.0,0.22810163,3.0,-0.05007556
2021-07-20 00:00:00+00,LONG,578,0.8491383701155556,0.042083345,3.0,-0.035808522
2021-07-21 00:00:00+00,LONG,3420,0.9545454545454546,-0.082105584,3.0,-0.033403944
2021-07-23 00:00:00+00,LONG,3681,0.0,0.32746786,4.0,-0.032244638
2021-07-28 00:00:00+00,LONG,2349,0.875,-0.26962802,3.0,-0.058199666
2021-07-28 00:00:00+00,LONG,713,0.23809257078005167,-0.10728493,3.0,-0.028615234
2021-07-28 00:00:00+00,LONG,3359,0.7272727272727273,0.24047025,3.0,-0.034432363
2021-07-29 00:00:00+00,LONG,2349,0.8571428571428572,0.055163987,4.0,-0.03137598
2021-08-16 00:00:00+00,LONG,4032,0.7298382956036916,0.21487881,4.0,-0.02862507
2021-08-19 00:00:00+00,LONG,2514,0.1026645325449024,0.5834534,3.0,-0.038604885
2021-08-24 00:00:00+00,LONG,465,0.24548129236190896,-0.65333325,3.0,-0.030982478
2021-09-20 00:00:00+00,LONG,2932,0.665481912072787,0.28127688,4.0,-0.04854456
2021-09-22 00:00:00+00,LONG,194,0.0,0.0764582,3.0,-0.050247423
2021-09-23 00:00:00+00,LONG,101,0.8928571428571429,-0.31454787,3.0,-0.030849947
2021-09-29 00:00:00+00,LONG,886,0.0,0.048561342,3.0,-0.060725663
2021-10-04 00:00:00+00,LONG,2731,0.7232460513533027,-0.34622312,4.0,-0.037078287
2021-10-08 00:00:00+00,LONG,183,0.8947368421052632,0.19027935,3.0,-0.030871833
2021-10-11 00:00:00+00,LONG,4224,0.0,0.42346466,4.0,-0.03240952
2021-10-11 00:00:00+00,LONG,3127,0.0,0.04996668,3.0,-0.044916566
2021-10-13 00:00:00+00,LONG,1072,0.0,-0.011144588,4.0,-0.045989692
2021-10-18 00:00:00+00,LONG,3343,0.0,0.0067718667,4.0,-0.048221286
2021-10-19 00:00:00+00,LONG,1851,0.3890077536578001,-0.4880814,4.0,-0.038043227
2021-12-02 00:00:00+00,LONG,791,0.9565217391304348,0.1398609,3.0,-0.035089433
2021-12-02 00:00:00+00,LONG,1848,1.0,-0.32762027,4.0,-0.032191683
2021-12-08 00:00:00+00,LONG,3716,0.0,0.82874316,3.0,-0.045506082
2021-12-09 00:00:00+00,LONG,2527,0.9574468085106383,0.10938805,3.0,-0.03350676
2021-12-10 00:00:00+00,LONG,2527,0.9361702127659575,0.0076838443,4.0,-0.04801587
2021-12-10 00:00:00+00,LONG,3837,0.0,-0.22530685,3.0,-0.039284356
2021-12-20 00:00:00+00,LONG,472,0.9615384615384616,-0.367174,3.0,-0.05097334
2022-01-28 00:00:00+00,LONG,3641,0.0,-0.5570578,4.0,-0.033762
2022-01-31 00:00:00+00,LONG,1752,0.0,0.1754084,3.0,-0.03746776
2022-02-01 00:00:00+00,LONG,1752,0.0,-0.22107019,4.0,-0.049978856
2022-02-10 00:00:00+00,LONG,3594,0.0,0.034907058,3.0,-0.035562005
2022-02-23 00:00:00+00,LONG,273,0.0,-0.108183935,3.0,-0.037796848
2022-02-24 00:00:00+00,LONG,3818,0.0,-0.15543881,3.0,-0.050490834
2022-02-24 00:00:00+00,LONG,1992,1.0,0.49514848,3.0,-0.03788653
2022-02-28 00:00:00+00,LONG,2971,0.6787557418518574,-0.16003637,4.0,-0.038290262
2022-02-28 00:00:00+00,LONG,1463,0.20439209404918518,-0.33360747,3.0,-0.058240686
2022-03-08 00:00:00+00,LONG,440,0.0,-0.6645178,4.0,-0.048282187
2022-03-08 00:00:00+00,LONG,881,0.0,-0.5818047,4.0,-0.07184991
2022-03-09 00:00:00+00,LONG,85,0.9444444444444444,-0.30517685,3.0,-0.064726844
2022-03-09 00:00:00+00,LONG,522,0.0,-0.10442579,3.0,-0.035253003
2022-03-09 00:00:00+00,LONG,714,0.0,0.17104194,4.0,-0.06807546
2022-03-09 00:00:00+00,LONG,995,0.0,0.055970553,4.0,-0.067540795
2022-03-09 00:00:00+00,LONG,3182,0.0,0.28257436,3.0,-0.07401271
2022-03-10 00:00:00+00,LONG,85,0.9166666666666666,-0.22172037,4.0,-0.06629144
2022-03-10 00:00:00+00,LONG,2760,0.0,-0.6842323,4.0,-0.037165504
2022-03-10 00:00:00+00,LONG,1081,0.0,0.17860083,3.0,-0.061796457
2022-03-10 00:00:00+00,LONG,3218,0.5159507959920364,-0.6813253,4.0,-0.03710176
2022-03-11 00:00:00+00,LONG,1043,0.9302325581395349,-0.2712433,4.0,-0.04297511
2022-03-15 00:00:00+00,LONG,19,0.0,0.019087473,4.0,-0.03140759
2022-03-15 00:00:00+00,LONG,4164,0.0,-0.4398317,3.0,-0.03455418
2022-03-16 00:00:00+00,LONG,2099,0.9411764705882353,0.34452847,3.0,-0.03898682
2022-03-17 00:00:00+00,LONG,2099,0.9117647058823529,-0.34047782,4.0,-0.03614925
2022-03-17 00:00:00+00,LONG,576,0.0,0.19466811,3.0,-0.036296498
2022-03-18 00:00:00+00,LONG,266,0.0,-0.12370745,3.0,-0.049302507
2022-03-18 00:00:00+00,LONG,576,0.8928571428571429,-0.083178714,4.0,-0.041579187
2022-03-25 00:00:00+00,LONG,4169,0.0,-0.4213259,3.0,-0.053138066
2022-03-28 00:00:00+00,LONG,4169,0.0,0.32445377,4.0,-0.042509038
2022-03-28 00:00:00+00,LONG,1919,0.0,0.6166434,4.0,-0.030557275
2022-04-21 00:00:00+00,LONG,220,0.0,0.117436305,4.0,-0.03473663
2022-04-21 00:00:00+00,LONG,2345,0.0,-0.1790878,4.0,-0.043043956
2022-05-03 00:00:00+00,LONG,4059,0.0,0.40359786,3.0,-0.046007868
2022-05-04 00:00:00+00,LONG,4059,0.0,-0.16053641,4.0,-0.030112289
2022-05-26 00:00:00+00,LONG,3280,0.0,0.3116902,4.0,-0.034915578
2022-06-17 00:00:00+00,LONG,3343,0.0,0.14252684,3.0,-0.041462272
2022-06-17 00:00:00+00,LONG,3430,0.0,0.76110226,3.0,-0.03813122
2022-06-23 00:00:00+00,LONG,845,0.8077272000018231,0.8470162,4.0,-0.06362352
2022-06-23 00:00:00+00,LONG,3501,0.6323698942008478,-0.29893038,3.0,-0.036338255
2022-06-23 00:00:00+00,LONG,1668,1.0,-0.17384525,3.0,-0.07391675
2022-06-23 00:00:00+00,LONG,1879,1.0,0.2682327,3.0,-0.058442768
2022-06-24 00:00:00+00,LONG,1668,0.9803921568627451,0.08416992,4.0,-0.05547594
2022-06-27 00:00:00+00,LONG,3286,0.7815827685512236,-0.67159814,3.0,-0.039552633
2022-07-06 00:00:00+00,LONG,2638,0.0,-0.22683069,4.0,-0.050617404
2022-07-06 00:00:00+00,LONG,3486,0.975609756097561,-0.06611283,3.0,-0.071423724
2022-07-07 00:00:00+00,LONG,984,0.41501686319687475,-0.12915188,4.0,-0.035097733
2022-07-07 00:00:00+00,LONG,3486,0.9512195121951219,-0.24297011,4.0,-0.040738918
2022-07-18 00:00:00+00,LONG,245,0.9428571428571428,-0.035502568,4.0,-0.039048754
2022-07-19 00:00:00+00,LONG,167,0.0,-0.38380268,3.0,-0.030930977
2022-07-20 00:00:00+00,LONG,2176,0.0,0.42277774,3.0,-0.07000988
2022-07-20 00:00:00+00,LONG,3287,0.3806698142220824,-0.1297155,4.0,-0.029385969
2022-07-21 00:00:00+00,LONG,2176,0.0,0.72066754,4.0,-0.0386687
2022-08-01 00:00:00+00,LONG,3905,0.9523809523809523,0.37346712,4.0,-0.0682128
2022-08-04 00:00:00+00,LONG,2971,0.0,-0.4224814,3.0,-0.036903135
2022-08-04 00:00:00+00,LONG,3758,0.0,-0.24779336,4.0,-0.07328063
2022-08-26 00:00:00+00,LONG,3148,0.0,0.24512303,3.0,-0.037277322
2022-08-29 00:00:00+00,LONG,3148,0.0,-0.42984167,4.0,-0.03087803
2022-09-06 00:00:00+00,LONG,4171,0.0,0.5448012,3.0,-0.037975978
2022-09-12 00:00:00+00,LONG,2269,0.0,0.19781528,3.0,-0.04758414
2022-09-12 00:00:00+00,LONG,1383,0.0,0.7931012,4.0,-0.041807253
2022-09-15 00:00:00+00,LONG,4000,0.0,0.6880448,3.0,-0.034858577
2022-09-23 00:00:00+00,LONG,984,0.0,-0.5642146,3.0,-0.037137587
2022-09-23 00:00:00+00,LONG,1012,0.0,-0.4040816,4.0,-0.028982615
2022-09-29 00:00:00+00,LONG,157,0.7195778337721485,-0.22945914,3.0,-0.034881495
2022-10-03 00:00:00+00,LONG,2391,0.9666666666666667,-0.324352,3.0,-0.04085548
2022-10-04 00:00:00+00,LONG,2391,0.9333333333333333,-0.15498975,4.0,-0.032546245
2022-10-13 00:00:00+00,LONG,2323,0.26397526423960443,0.080263555,4.0,-0.032063495
2022-10-13 00:00:00+00,LONG,1011,1.0,-0.07763486,3.0,-0.06664851
2022-10-14 00:00:00+00,LONG,2546,1.0,0.29079905,3.0,-0.05786739
2022-10-17 00:00:00+00,LONG,2546,0.9767441860465116,0.07118166,4.0,-0.0465506
2022-10-19 00:00:00+00,LONG,1106,0.8846153846153846,0.1501581,3.0,-0.059431795
2022-11-10 00:00:00+00,LONG,1453,0.9615384615384616,0.1688044,3.0,-0.031237913
2022-11-11 00:00:00+00,LONG,2270,0.0,0.015434405,4.0,-0.035058003
2022-12-01 00:00:00+00,LONG,881,0.0,0.20898974,3.0,-0.03505494
2022-12-06 00:00:00+00,LONG,559,0.0,-0.22528145,3.0,-0.032481775
2022-12-06 00:00:00+00,LONG,1262,0.0,-0.32015315,3.0,-0.032434262
2022-12-21 00:00:00+00,LONG,3695,0.006452953329443447,-0.24985442,3.0,-0.037448075
2022-12-28 00:00:00+00,LONG,157,1.0,0.19160452,3.0,-0.030899853
2023-01-09 00:00:00+00,LONG,224,0.967741935483871,0.25627223,3.0,-0.06759793
2023-01-11 00:00:00+00,LONG,4113,0.18779877468351752,-0.023912746,4.0,-0.03192276
2023-02-02 00:00:00+00,LONG,15,0.0,0.39876944,4.0,-0.04708976
2023-02-28 00:00:00+00,LONG,1985,1.0,-0.38428852,3.0,-0.036270343
2023-03-01 00:00:00+00,LONG,1210,1.0,-0.099003665,3.0,-0.036564104
2023-03-10 00:00:00+00,LONG,3514,1.0,0.7013899,3.0,-0.02971569
2023-03-17 00:00:00+00,LONG,1762,0.3209959512927672,-0.32075807,4.0,-0.030286787
2023-03-20 00:00:00+00,LONG,2686,0.0,-0.42751542,3.0,-0.041059203
2023-03-21 00:00:00+00,LONG,85,0.0,-0.25015438,4.0,-0.05333989
2023-03-21 00:00:00+00,LONG,368,0.5041028991081654,-0.5994524,4.0,-0.0359501
2023-03-21 00:00:00+00,LONG,498,0.0,0.4841716,3.0,-0.06423059
2023-03-21 00:00:00+00,LONG,3613,0.0,0.33316392,3.0,-0.052603785
2023-03-22 00:00:00+00,LONG,638,0.42363336613046315,0.10596768,3.0,-0.0383071
2023-03-23 00:00:00+00,LONG,3283,0.6392613128560022,0.11403729,4.0,-0.038376305
2023-03-24 00:00:00+00,LONG,652,0.3513815575690359,-0.14901964,4.0,-0.04053232
2023-03-24 00:00:00+00,LONG,2930,0.0,-0.66992724,3.0,-0.066682175
2023-03-24 00:00:00+00,LONG,1324,1.0,-0.25394583,3.0,-0.045755662
2023-03-24 00:00:00+00,LONG,4049,0.5286778862184126,-0.5278167,4.0,-0.05703905
2023-03-27 00:00:00+00,LONG,1324,0.6900057368116431,0.42166656,4.0,-0.042893786
2023-03-27 00:00:00+00,LONG,3872,0.9565217391304348,0.23149632,3.0,-0.029826945
2023-03-28 00:00:00+00,LONG,2343,0.0,0.20954141,3.0,-0.034805838
2023-03-28 00:00:00+00,LONG,2508,0.0,-0.30352437,4.0,-0.029612903
2023-03-28 00:00:00+00,LONG,3100,0.0,0.05326822,3.0,-0.028982192
2023-03-29 00:00:00+00,LONG,2499,0.148932491205199,0.06660433,3.0,-0.037518304
2023-04-05 00:00:00+00,LONG,444,0.0,0.06165794,3.0,-0.032945003
2023-04-06 00:00:00+00,LONG,444,0.24205352163555968,-0.014942527,4.0,-0.047815405
2023-04-13 00:00:00+00,LONG,1453,0.0,-0.07101526,4.0,-0.03994165
2023-05-02 00:00:00+00,LONG,874,0.8636363636363636,0.38613942,4.0,-0.04559805
2023-05-05 00:00:00+00,LONG,3502,0.9821428571428571,0.044655442,3.0,-0.047175042
2023-05-08 00:00:00+00,LONG,3502,0.9642857142857143,0.19881497,4.0,-0.02884323
2023-05-16 00:00:00+00,LONG,91,0.0,0.09916128,3.0,-0.03138583
2023-05-16 00:00:00+00,LONG,2383,0.24071610759783652,-0.43172443,3.0,-0.05898909
2023-05-17 00:00:00+00,LONG,2383,0.2123617175211168,0.45450896,4.0,-0.060593158
2023-05-19 00:00:00+00,LONG,1160,0.0,0.19779307,3.0,-0.06018279
2023-05-22 00:00:00+00,LONG,1160,0.0,-0.47120714,4.0,-0.048052467
2023-05-22 00:00:00+00,LONG,4049,0.0,0.079769306,3.0,-0.07270614
2023-05-23 00:00:00+00,LONG,4049,0.0,0.30068177,4.0,-0.034124557
2023-05-26 00:00:00+00,LONG,3885,0.9512195121951219,-0.098288074,3.0,-0.05273896
2023-05-30 00:00:00+00,LONG,3885,0.0,0.7962095,4.0,-0.032008823
2023-05-30 00:00:00+00,LONG,1927,0.009789249846479532,0.22658795,3.0,-0.06832865
2023-05-31 00:00:00+00,LONG,427,1.0,0.58653283,3.0,-0.050962504
2023-05-31 00:00:00+00,LONG,1667,0.5102260492788934,0.584755,3.0,-0.04007646
2023-05-31 00:00:00+00,LONG,3804,0.0,-0.5054895,3.0,-0.038007833
2023-06-01 00:00:00+00,LONG,4215,0.19539263514665267,0.6208468,3.0,-0.033131216
2023-06-01 00:00:00+00,LONG,2440,0.0,0.10477708,4.0,-0.0439271
2023-06-01 00:00:00+00,LONG,1667,0.5219018357936775,-0.5554609,4.0,-0.033620138
2023-06-02 00:00:00+00,LONG,4171,0.0,-0.28460386,4.0,-0.038635243
2023-06-02 00:00:00+00,LONG,1715,0.6995729698780772,-0.31025955,3.0,-0.032002892
2023-06-05 00:00:00+00,LONG,2720,0.6842298549601319,0.086563945,4.0,-0.047914322
2023-06-05 00:00:00+00,LONG,3420,0.7672205657172388,0.5994976,3.0,-0.03505981
2023-06-05 00:00:00+00,LONG,1767,0.34707722940196767,-0.10525034,3.0,-0.029787917
2023-06-13 00:00:00+00,LONG,3943,0.7631578947368421,-0.50819635,4.0,-0.04128211
2023-06-14 00:00:00+00,LONG,903,0.0,-0.37194312,4.0,-0.04373876
2023-06-26 00:00:00+00,LONG,3174,0.0,-0.5538766,3.0,-0.043712053
2023-07-07 00:00:00+00,LONG,3456,0.6900379350302079,-0.398431,4.0,-0.036201
2023-07-18 00:00:00+00,LONG,858,0.12576871486241248,0.48547915,3.0,-0.04761477
2023-08-22 00:00:00+00,LONG,3607,0.8228379843055645,0.44120324,3.0,-0.04263282
2023-08-24 00:00:00+00,LONG,2430,0.0,-0.22479369,3.0,-0.036359087
2023-08-31 00:00:00+00,LONG,2159,0.0,0.1873038,4.0,-0.03295967
2023-09-01 00:00:00+00,LONG,1867,0.13092636344472908,-0.14308949,3.0,-0.06377376
2023-09-05 00:00:00+00,LONG,1867,0.0,0.6455388,4.0,-0.036314897
2023-10-27 00:00:00+00,LONG,2064,1.0,0.008945076,4.0,-0.033423245
2023-10-31 00:00:00+00,LONG,4192,0.0,-0.039694678,4.0,-0.043244794
2023-11-01 00:00:00+00,LONG,1846,0.2728269605026744,-0.63437766,4.0,-0.04736312
2023-11-02 00:00:00+00,LONG,73,0.6662083209889252,0.17377695,3.0,-0.045419578
2023-11-02 00:00:00+00,LONG,2936,0.9666666666666667,-0.28388852,3.0,-0.03841969
2023-11-03 00:00:00+00,LONG,73,0.4846027258579031,0.3171361,4.0,-0.03765783
2023-11-03 00:00:00+00,LONG,1966,0.7142857142857143,0.2263937,4.0,-0.043865472
2023-11-07 00:00:00+00,LONG,1715,0.0,-0.34217823,3.0,-0.06495525
2023-11-14 00:00:00+00,LONG,1673,0.0,0.0082844375,4.0,-0.030179203
2023-12-08 00:00:00+00,LONG,2340,0.029494260324270903,0.08644846,3.0,-0.032971907
2023-12-11 00:00:00+00,LONG,1381,0.8571428571428572,0.27258936,3.0,-0.03968272
2023-12-12 00:00:00+00,LONG,1381,0.8095238095238095,-0.14652401,4.0,-0.03154397
2023-12-13 00:00:00+00,LONG,1949,0.9565217391304348,-0.3699493,4.0,-0.040250078
2023-12-26 00:00:00+00,LONG,3744,0.8029428473160157,0.61426246,3.0,-0.03269337
2024-01-11 00:00:00+00,LONG,843,0.46599010136566593,0.08732168,4.0,-0.050681785
2024-01-18 00:00:00+00,LONG,1869,0.394605368241429,-0.09044211,3.0,-0.030193929
2024-01-19 00:00:00+00,LONG,1454,0.9512195121951219,-0.52752846,3.0,-0.039447334
2024-01-22 00:00:00+00,LONG,1610,0.6363636363636364,-0.4304048,3.0,-0.058730703
2024-01-23 00:00:00+00,LONG,3890,0.9230769230769231,-0.10199668,3.0,-0.035849202
2024-01-24 00:00:00+00,LONG,3890,0.8846153846153846,-0.227892,4.0,-0.040520094
2024-01-26 00:00:00+00,LONG,2661,0.33333333333333337,0.6265257,3.0,-0.058565076
2024-02-06 00:00:00+00,LONG,335,0.5661260787575729,-0.7113815,3.0,-0.06191742
2024-02-07 00:00:00+00,LONG,335,0.9259259259259259,0.0061816154,4.0,-0.04938073
2024-02-08 00:00:00+00,LONG,91,1.0,0.34457853,4.0,-0.06570003
2024-02-27 00:00:00+00,LONG,2930,0.9333333333333333,-0.023782415,3.0,-0.045853373
2024-03-01 00:00:00+00,LONG,1167,1.0,0.08021394,4.0,-0.030011501
2024-03-19 00:00:00+00,LONG,2932,0.0,0.2480268,3.0,-0.03183906
2024-04-03 00:00:00+00,LONG,4244,0.0,0.4097388,3.0,-0.048330568
2024-04-16 00:00:00+00,LONG,1514,1.0,-0.6181228,4.0,-0.032471433
2024-04-17 00:00:00+00,LONG,2176,0.900527231159729,0.21401289,3.0,-0.05403027
2024-04-18 00:00:00+00,LONG,2176,0.6748355659571469,0.25884053,4.0,-0.03389619
2024-04-22 00:00:00+00,LONG,142,0.0,0.4697047,4.0,-0.058756232
2024-04-24 00:00:00+00,LONG,1220,0.8928571428571429,-0.18501282,4.0,-0.06007115
2024-05-22 00:00:00+00,LONG,3078,0.0,-0.4968678,3.0,-0.029545074
2024-05-23 00:00:00+00,LONG,3078,0.0,0.7149611,4.0,-0.060617026
2024-06-04 00:00:00+00,LONG,394,1.0,-0.21266244,3.0,-0.03888815
2024-06-04 00:00:00+00,LONG,1988,0.0,0.07536658,3.0,-0.04391824
2024-06-05 00:00:00+00,LONG,1988,0.44758655887947413,0.3991881,4.0,-0.056421388
2024-06-07 00:00:00+00,LONG,368,0.0,-0.63859004,3.0,-0.029468417
2024-06-10 00:00:00+00,LONG,368,0.0,0.34495395,4.0,-0.07180257
2024-06-11 00:00:00+00,LONG,2761,0.0,-0.14225318,3.0,-0.033533487
2024-06-11 00:00:00+00,LONG,3216,0.8960388048840914,0.6673194,3.0,-0.041387722
2024-06-11 00:00:00+00,LONG,3574,0.7091170362972922,0.16027461,4.0,-0.030646384
2024-06-12 00:00:00+00,LONG,219,0.0,0.47301653,3.0,-0.07288131
2024-06-13 00:00:00+00,LONG,219,0.0,-0.26563466,4.0,-0.069564395
2024-06-14 00:00:00+00,LONG,684,0.0,0.38016737,4.0,-0.039132223
2024-06-14 00:00:00+00,LONG,799,0.4590163934426229,0.6028428,3.0,-0.048327718
2024-06-14 00:00:00+00,LONG,1471,0.8846153846153846,-0.2686877,3.0,-0.049426798
2024-06-14 00:00:00+00,LONG,3708,0.5914195995980722,-0.07259166,3.0,-0.033249836
2024-06-17 00:00:00+00,LONG,194,0.8532832726506825,0.10047962,4.0,-0.043336976
2024-06-17 00:00:00+00,LONG,2425,0.9696969696969697,-0.024174312,4.0,-0.034022264
2024-06-17 00:00:00+00,LONG,2816,0.8421052631578947,-0.5560988,4.0,-0.030165361
2024-06-17 00:00:00+00,LONG,2898,0.14335626483739525,-0.55712396,3.0,-0.047534842
2024-06-17 00:00:00+00,LONG,3607,1.0,-0.07415567,3.0,-0.056864563
2024-06-17 00:00:00+00,LONG,1668,0.6676172736311033,0.03123594,3.0,-0.055337414
2024-06-18 00:00:00+00,LONG,440,0.0,-0.48747572,4.0,-0.059429504
2024-06-18 00:00:00+00,LONG,2898,0.16095350663444782,0.8117052,4.0,-0.02859235
2024-06-18 00:00:00+00,LONG,3825,0.40855395867006655,-0.3369571,4.0,-0.03154201
2024-07-01 00:00:00+00,LONG,835,0.696969696969697,-0.59357536,3.0,-0.028939115
2024-07-02 00:00:00+00,LONG,3521,0.42105263157894735,0.2931568,3.0,-0.03900319
2024-07-05 00:00:00+00,LONG,898,0.6754126304401848,-0.32979944,3.0,-0.03829822
2024-07-05 00:00:00+00,LONG,2993,0.4552369175012541,0.57481915,3.0,-0.06798364
2024-07-05 00:00:00+00,LONG,1748,0.6666666666666667,0.5728075,4.0,-0.031665187
2024-07-09 00:00:00+00,LONG,15,0.17821848829710546,0.67018926,3.0,-0.03283479
2024-07-09 00:00:00+00,LONG,1092,0.17862193091354917,-0.010947655,3.0,-0.038521282
2024-07-11 00:00:00+00,LONG,787,0.22915928399348728,-0.33372384,4.0,-0.037215557
2024-08-06 00:00:00+00,LONG,3802,0.0,-0.23049128,3.0,-0.04154852
2024-08-07 00:00:00+00,LONG,3004,0.3706235120032944,-0.46185842,4.0,-0.040535953
2024-08-07 00:00:00+00,LONG,3272,0.967741935483871,0.2652596,3.0,-0.033883605
2024-08-07 00:00:00+00,LONG,3330,0.5254711199217045,-0.6770375,3.0,-0.032353066
2024-08-07 00:00:00+00,LONG,1377,0.36011898975265466,-0.6921036,3.0,-0.03867393
2024-08-07 00:00:00+00,LONG,1734,1.0,-0.6006296,3.0,-0.056815017
2024-08-07 00:00:00+00,LONG,3802,0.9090909090909091,-0.44469258,4.0,-0.041272428
2024-08-08 00:00:00+00,LONG,4097,0.8695652173913043,-0.6844994,3.0,-0.04967118
2024-08-08 00:00:00+00,LONG,1377,0.10635800293010272,0.28584322,4.0,-0.029623395
2024-08-08 00:00:00+00,LONG,4020,0.88,0.5606148,3.0,-0.047986675
2024-08-09 00:00:00+00,LONG,4107,0.9047619047619048,-0.387001,3.0,-0.038185418
2024-08-09 00:00:00+00,LONG,3743,0.0,0.048232004,3.0,-0.037929304
2024-08-09 00:00:00+00,LONG,4020,0.84,-0.44003227,4.0,-0.03540083
2024-08-12 00:00:00+00,LONG,4107,0.6057890467404898,-0.31239274,4.0,-0.041974906
2024-08-12 00:00:00+00,LONG,2608,0.875,0.34102026,3.0,-0.03006012
2024-08-13 00:00:00+00,LONG,2608,0.85,-0.2760724,4.0,-0.033576373
2024-08-13 00:00:00+00,LONG,1258,0.0,-0.006224752,4.0,-0.03610172
2024-08-14 00:00:00+00,LONG,1383,0.33333333333333326,0.07306112,4.0,-0.028522396
2024-08-14 00:00:00+00,LONG,1819,1.0,0.024013368,4.0,-0.049991474
2024-08-14 00:00:00+00,LONG,4062,0.7307692307692307,-0.29338443,4.0,-0.029509196
2024-09-09 00:00:00+00,LONG,3111,0.816627732590177,0.18454763,4.0,-0.06489724
2024-09-11 00:00:00+00,LONG,4187,0.08562706983845146,0.22073978,3.0,-0.044348363
2024-09-11 00:00:00+00,LONG,3473,0.9743589743589743,-0.33423972,3.0,-0.0627688
2024-09-12 00:00:00+00,LONG,4187,0.0,-0.62506336,4.0,-0.034390945
2024-09-12 00:00:00+00,LONG,2898,0.193997027460563,-0.18632303,4.0,-0.02916687
2024-09-12 00:00:00+00,LONG,3261,0.9555555555555556,0.20368883,3.0,-0.040352043
2024-09-18 00:00:00+00,LONG,4122,1.0,0.1980305,3.0,-0.040330052
2024-09-19 00:00:00+00,LONG,4122,0.6751932872805715,-0.2766791,4.0,-0.036757898
2024-10-09 00:00:00+00,LONG,3825,0.0,0.14757569,3.0,-0.030262234
2024-10-10 00:00:00+00,LONG,2142,0.5512308084361097,0.2658117,4.0,-0.05614995
2024-10-14 00:00:00+00,LONG,3897,0.0,0.43383884,3.0,-0.035170086
2024-10-15 00:00:00+00,LONG,3897,0.0,0.4981565,4.0,-0.03846014
2024-10-23 00:00:00+00,LONG,2659,0.0,0.027247092,3.0,-0.038940944
2024-10-24 00:00:00+00,LONG,2659,0.0,0.16020423,4.0,-0.046937745
2024-10-28 00:00:00+00,LONG,4150,0.0,-0.50872934,3.0,-0.047148634
2024-11-05 00:00:00+00,LONG,335,0.0,-0.43457386,3.0,-0.040739633
2024-11-07 00:00:00+00,LONG,2979,0.9666666666666667,-0.58391595,4.0,-0.058144536
2024-12-20 00:00:00+00,LONG,1740,0.0,0.52917016,4.0,-0.07287593
2024-12-23 00:00:00+00,LONG,3773,0.0,-0.5048629,3.0,-0.036233764
2024-12-24 00:00:00+00,LONG,3773,0.0,-0.2880764,4.0,-0.03166773
2024-12-24 00:00:00+00,LONG,1826,0.0,-0.5885722,3.0,-0.053875573
2024-12-30 00:00:00+00,LONG,2567,0.0,0.23169461,4.0,-0.048416838
2025-01-10 00:00:00+00,LONG,1668,0.0,0.2720076,3.0,-0.053073533
2025-01-13 00:00:00+00,LONG,2050,0.0,0.23303697,3.0,-0.057090234
2025-01-13 00:00:00+00,LONG,1144,0.0,0.21794532,4.0,-0.04593896
2025-01-13 00:00:00+00,LONG,1668,0.0,-0.025868786,4.0,-0.0432402
2025-01-14 00:00:00+00,LONG,2930,0.0,0.25005937,4.0,-0.038967907
2025-01-15 00:00:00+00,LONG,4124,0.0,-0.5401943,4.0,-0.053456973
2025-01-15 00:00:00+00,LONG,4234,0.0,0.16758703,3.0,-0.029732715
2025-01-15 00:00:00+00,LONG,3758,0.0,-0.17327379,3.0,-0.036625132
2025-01-16 00:00:00+00,LONG,3758,0.0,0.07863167,4.0,-0.051266268
2025-01-22 00:00:00+00,LONG,2249,0.0,0.6576619,3.0,-0.028666055
2025-01-22 00:00:00+00,LONG,2765,0.0,0.18355605,4.0,-0.031852707
2025-03-04 00:00:00+00,LONG,2508,0.0,-0.039265636,3.0,-0.06600932
2025-03-17 00:00:00+00,LONG,4171,0.0,-0.37216875,4.0,-0.03433932
