time,side,ticker_id,mv_dn_composite_labels,accel_eps_qoq_df017,dist_upper_bb_20_2.0_df055,joint_fall_flag_1_20_df042
2005-01-14 00:00:00+00,SHORT,2504,1.0,0.16,0.004065362,1.0
2005-01-19 00:00:00+00,SHORT,1848,0.0,0.06,-0.0040687467,1.0
2005-02-01 00:00:00+00,SHORT,135,1.0,0.01,-0.0040712715,1.0
2005-02-01 00:00:00+00,SHORT,2508,0.0,-0.214,0.005332488,1.0
2005-02-04 00:00:00+00,SHORT,694,0.40485165892327396,0.04,0.0050175115,1.0
2005-02-15 00:00:00+00,SHORT,1306,0.5272578017908387,0.32,-0.0024617198,1.0
2005-03-07 00:00:00+00,SHORT,516,0.5816076007064094,-0.01,-0.0035091823,1.0
2005-03-07 00:00:00+00,SHORT,2986,1.0,-0.17,-0.0029171072,1.0
2005-03-08 00:00:00+00,SHORT,2665,0.43644175166840465,-0.32,-0.003362898,1.0
2005-03-08 00:00:00+00,SHORT,1299,0.6205477884281358,0.05,-0.0022559701,1.0
2005-03-08 00:00:00+00,SHORT,3561,0.8116853111369149,0.1,0.004351845,1.0
2005-03-17 00:00:00+00,SHORT,2747,0.9285714285714286,0.0138,-0.0016665481,1.0
2005-03-29 00:00:00+00,SHORT,4218,0.7305482191598276,0.03,-0.0045424863,1.0
2005-04-04 00:00:00+00,SHORT,1280,0.6986940717307935,0.11,0.0038237611,1.0
2005-04-07 00:00:00+00,SHORT,2261,0.0,0.0,0.0012920075,1.0
2005-04-08 00:00:00+00,SHORT,1064,0.34950530185589707,-0.04,0.0031739385,1.0
2005-04-08 00:00:00+00,SHORT,1710,0.6047963759851664,0.53,-0.0013873163,1.0
2005-04-12 00:00:00+00,SHORT,2253,0.9285714285714286,-0.02,-0.004762747,1.0
2005-04-12 00:00:00+00,SHORT,1462,0.323336414355305,0.01,-0.004371628,1.0
2005-04-13 00:00:00+00,SHORT,1851,0.07763901811820971,0.51,-0.0047648503,1.0
2005-06-02 00:00:00+00,SHORT,1139,0.16522914517889173,-0.14,-0.0010066835,1.0
2005-06-03 00:00:00+00,SHORT,2041,0.146530409091677,0.0115,0.0067031872,1.0
2005-06-17 00:00:00+00,SHORT,2055,0.0,0.01,-0.0042584306,1.0
2005-06-17 00:00:00+00,SHORT,1330,0.0,0.03,-0.0030104315,1.0
2005-06-17 00:00:00+00,SHORT,3595,0.05601310025179433,-0.22,-0.0032775493,1.0
2005-06-20 00:00:00+00,SHORT,2106,0.0,-0.15,-0.0031829402,1.0
2005-06-20 00:00:00+00,SHORT,1297,0.22841790891231653,0.09,0.0064721443,1.0
2005-06-22 00:00:00+00,SHORT,413,0.4835819727063172,0.19,-0.0014852362,1.0
2005-06-22 00:00:00+00,SHORT,730,0.0,-0.04,-0.002655073,1.0
2005-06-23 00:00:00+00,SHORT,1816,0.17399030173167704,0.06,0.0036205256,1.0
2005-07-07 00:00:00+00,SHORT,3903,0.5406124493558289,0.01,-0.0032465425,1.0
2005-07-08 00:00:00+00,SHORT,2175,0.4041525816177399,-0.06,-0.0020386868,1.0
2005-07-13 00:00:00+00,SHORT,3352,1.0,-0.22,0.0035486612,1.0
2005-07-14 00:00:00+00,SHORT,3352,0.8888888888888888,-0.22,-0.0043109967,1.0
2005-07-18 00:00:00+00,SHORT,1939,0.9444444444444444,0.01,-0.0026073933,1.0
2005-08-01 00:00:00+00,SHORT,3343,1.0,0.04,-0.0045662983,1.0
2005-08-12 00:00:00+00,SHORT,3283,0.0,0.09,0.010442326,1.0
2005-09-07 00:00:00+00,SHORT,2613,0.0,-0.07,0.006954184,1.0
2005-09-08 00:00:00+00,SHORT,2248,0.6753857445877683,0.02,0.0032419194,1.0
2005-09-09 00:00:00+00,SHORT,2095,0.438970012886374,0.01,0.001193443,1.0
2005-09-12 00:00:00+00,SHORT,988,1.0,-0.01,0.0055098226,1.0
2005-09-13 00:00:00+00,SHORT,3973,0.9089600274601755,-0.01,-0.0043062717,1.0
2005-09-19 00:00:00+00,SHORT,64,0.0,-0.03,-0.0023126113,1.0
2005-09-20 00:00:00+00,SHORT,2716,0.0,0.0,-0.0035136212,1.0
2005-09-29 00:00:00+00,SHORT,2690,1.0,-0.05,-0.0026741186,1.0
2005-09-30 00:00:00+00,SHORT,3255,0.3114927048252305,0.02,-4.205762E-4,1.0
2005-10-03 00:00:00+00,SHORT,2437,0.431268646291442,-0.02,3.4389968E-4,1.0
2005-10-04 00:00:00+00,SHORT,3067,0.5065484310807038,-0.01,-0.004057986,1.0
2005-10-14 00:00:00+00,SHORT,183,0.0,-0.03,-0.0031377373,1.0
2005-10-20 00:00:00+00,SHORT,2247,0.0,0.08,0.0024006257,1.0
2005-10-24 00:00:00+00,SHORT,522,0.4900319489405863,0.25,-0.0013597133,1.0
2005-10-26 00:00:00+00,SHORT,2548,0.26832861514549694,-0.31,-0.003281642,1.0
2005-11-04 00:00:00+00,SHORT,2196,0.13604803089797654,0.16,-9.929788E-4,1.0
2005-11-04 00:00:00+00,SHORT,3613,0.0,0.39,-0.0048606433,1.0
2005-11-07 00:00:00+00,SHORT,394,0.7192771624811931,-0.0122,0.015924023,1.0
2005-11-07 00:00:00+00,SHORT,424,1.0,-0.06,-0.0010616728,1.0
2005-11-22 00:00:00+00,SHORT,2142,0.16104121935960564,-0.09,-0.004446651,1.0
2005-11-22 00:00:00+00,SHORT,1700,0.0,0.14,-0.0018015768,1.0
2005-11-25 00:00:00+00,SHORT,2440,0.42940468966429285,-0.06,-0.0028378665,1.0
2005-12-02 00:00:00+00,SHORT,2936,0.422881709579737,0.05,-5.145149E-4,1.0
2005-12-02 00:00:00+00,SHORT,903,0.5960192588142917,0.08,0.0105724735,1.0
2005-12-15 00:00:00+00,SHORT,2659,0.6558218543365969,0.07,-0.0038577158,1.0
2005-12-15 00:00:00+00,SHORT,3773,0.6436342042453055,0.3,6.6379516E-4,1.0
2006-01-06 00:00:00+00,SHORT,4218,0.0,0.19,-0.0037498064,1.0
2006-01-09 00:00:00+00,SHORT,1967,0.06500517645725648,-0.3574,-0.0041835154,1.0
2006-01-11 00:00:00+00,SHORT,2090,0.1520704171339358,-0.23,-7.3602033E-4,1.0
2006-01-13 00:00:00+00,SHORT,450,0.4012303173346503,0.03,-0.0039505605,1.0
2006-01-17 00:00:00+00,SHORT,995,0.3436219085493039,-0.13,6.556162E-4,1.0
2006-01-27 00:00:00+00,SHORT,131,0.16658603386740337,-0.11,-0.0016913968,1.0
2006-01-30 00:00:00+00,SHORT,664,0.11474163313189265,0.12,-0.0030258857,1.0
2006-02-01 00:00:00+00,SHORT,2125,0.6357181587399848,-0.0362,7.87144E-4,1.0
2006-02-17 00:00:00+00,SHORT,2716,0.0,0.07,0.0037013688,1.0
2006-02-23 00:00:00+00,SHORT,2050,0.27371300352338146,-0.0237,-0.0027047435,1.0
2006-02-24 00:00:00+00,SHORT,3556,0.3243394717940305,0.01,-0.0036062032,1.0
2006-02-27 00:00:00+00,SHORT,2055,0.1694004472596836,-0.01,-0.004770216,1.0
2006-03-21 00:00:00+00,SHORT,2269,0.21546738813497712,0.2,-0.0024108565,1.0
2006-03-23 00:00:00+00,SHORT,2527,0.5622029137746484,-0.04,4.930291E-4,1.0
2006-03-24 00:00:00+00,SHORT,1356,0.3194338349511216,0.0,0.008334884,1.0
2006-03-24 00:00:00+00,SHORT,3818,0.5956518973331731,0.19,-0.0022213135,1.0
2006-03-28 00:00:00+00,SHORT,1867,0.40998344479081994,-0.23,0.0024020171,1.0
2006-04-07 00:00:00+00,SHORT,1011,0.894992477909567,0.1,0.0068911784,1.0
2006-04-19 00:00:00+00,SHORT,535,1.0,-0.383,0.012277507,1.0
2006-05-08 00:00:00+00,SHORT,3359,1.0,0.01,-7.564401E-5,1.0
2006-05-08 00:00:00+00,SHORT,1410,0.528541245279816,-0.43,-1.8482757E-4,1.0
2006-05-09 00:00:00+00,SHORT,3067,0.0,0.22,-0.003532728,1.0
2006-05-09 00:00:00+00,SHORT,1869,0.6824394182282987,0.36,-0.0046902415,1.0
2006-06-02 00:00:00+00,SHORT,2983,1.0,0.27,2.3434659E-4,1.0
2006-06-07 00:00:00+00,SHORT,960,0.7997566450138588,0.0,-0.0041404353,1.0
2006-06-30 00:00:00+00,SHORT,4171,0.2969305865885681,0.02,0.0045225834,1.0
2006-06-30 00:00:00+00,SHORT,1144,0.1908408020364446,0.09,0.0025185295,1.0
2006-07-03 00:00:00+00,SHORT,2365,0.43493709320874746,0.03,0.004593309,1.0
2006-07-03 00:00:00+00,SHORT,3127,0.437071285203562,0.01,-0.0015963443,1.0
2006-07-03 00:00:00+00,SHORT,3130,1.0,-0.04,0.0034453245,1.0
2006-07-03 00:00:00+00,SHORT,3918,1.0,-0.52,-0.0045182807,1.0
2006-07-05 00:00:00+00,SHORT,1462,0.4311733901129889,-0.26,-0.0040895985,1.0
2006-08-04 00:00:00+00,SHORT,988,0.0,0.0,-0.004608488,1.0
2006-08-17 00:00:00+00,SHORT,2095,0.0,0.09,-0.002344758,1.0
2006-08-18 00:00:00+00,SHORT,2582,0.5292158891306085,0.03,-0.0027891907,1.0
2006-08-29 00:00:00+00,SHORT,1171,0.498614417049679,0.04,0.002484705,1.0
2006-08-31 00:00:00+00,SHORT,3343,0.0,-0.2,-0.0012664685,1.0
2006-09-05 00:00:00+00,SHORT,3352,0.0,0.0,0.0114045,1.0
2006-09-07 00:00:00+00,SHORT,3357,0.0,-0.04,0.0021906209,1.0
2006-09-20 00:00:00+00,SHORT,2497,0.8410737388899899,0.02,-0.0048557105,1.0
2006-10-10 00:00:00+00,SHORT,1356,0.5913627776393886,0.01,5.048082E-4,1.0
2006-10-24 00:00:00+00,SHORT,2870,0.5506730581862613,0.1,-0.0038968562,1.0
2006-10-27 00:00:00+00,SHORT,69,0.8888888888888888,0.08,-0.001997207,1.0
2006-10-30 00:00:00+00,SHORT,1072,0.15026784136920962,0.29,0.014675514,1.0
2006-10-31 00:00:00+00,SHORT,1072,0.0,0.29,-0.0027105708,1.0
2006-11-07 00:00:00+00,SHORT,3433,0.34747694093999454,-0.01,-0.0038901041,1.0
2006-11-07 00:00:00+00,SHORT,1615,0.1496310534773883,0.31,-0.0014507173,1.0
2006-11-13 00:00:00+00,SHORT,4107,0.5050640898770627,0.11,-0.0028851663,1.0
2006-11-21 00:00:00+00,SHORT,844,0.6477733586772547,0.0,-0.0011938162,1.0
2006-11-22 00:00:00+00,SHORT,3286,0.0,0.18,0.019057307,1.0
2006-12-07 00:00:00+00,SHORT,610,0.0,-0.35,6.781896E-4,1.0
2006-12-15 00:00:00+00,SHORT,1423,0.6735206629442289,0.1328,-0.0039627673,1.0
2007-01-11 00:00:00+00,SHORT,2534,0.4406460050815194,-0.2004,1.9101446E-4,1.0
2007-01-16 00:00:00+00,SHORT,3199,0.9444444444444444,-0.02,-0.0045187054,1.0
2007-01-22 00:00:00+00,SHORT,4194,0.0,0.0463,-8.2148926E-4,1.0
2007-02-15 00:00:00+00,SHORT,629,0.2909627031298495,-0.28,-0.0042612823,1.0
2007-02-21 00:00:00+00,SHORT,4128,0.5518713941888382,0.4,0.0045145783,1.0
2007-02-21 00:00:00+00,SHORT,212,0.2452696744917123,0.0224,-0.0021735234,1.0
2007-02-21 00:00:00+00,SHORT,900,0.5251284904995384,0.02,-0.0043707164,1.0
2007-02-21 00:00:00+00,SHORT,4070,0.14965203688921094,0.32,-0.0010040085,1.0
2007-02-22 00:00:00+00,SHORT,4128,0.4555963154663484,0.4,-0.0047133393,1.0
2007-02-22 00:00:00+00,SHORT,394,0.3437072193983553,-0.02,-0.001809247,1.0
2007-02-23 00:00:00+00,SHORT,2050,0.60038960810321,0.2763,5.2935345E-4,1.0
2007-02-23 00:00:00+00,SHORT,11,0.0,0.02,-5.183714E-4,1.0
2007-02-23 00:00:00+00,SHORT,874,0.0,0.22,0.008884774,1.0
2007-02-23 00:00:00+00,SHORT,1423,0.6623181548035014,0.1464,-0.0012869483,1.0
2007-02-26 00:00:00+00,SHORT,960,0.4972345076314099,-0.03,-7.069123E-4,1.0
2007-03-21 00:00:00+00,SHORT,2297,0.0,0.1,-6.7795E-5,1.0
2007-03-22 00:00:00+00,SHORT,2936,0.0,-0.11,-0.0036767896,1.0
2007-04-18 00:00:00+00,SHORT,4194,0.34149643858615447,0.089,-0.0010967831,1.0
2007-04-26 00:00:00+00,SHORT,3137,0.7838517217848191,0.06,0.0057249907,1.0
2007-04-26 00:00:00+00,SHORT,3192,1.0,-0.0549,-0.00458478,1.0
2007-04-26 00:00:00+00,SHORT,1650,0.0,-0.06,0.005171703,1.0
2007-04-27 00:00:00+00,SHORT,3645,0.2904444232503448,-0.14,-0.0037976226,1.0
2007-05-03 00:00:00+00,SHORT,1817,0.5080182320072609,0.03,0.004267931,1.0
2007-05-07 00:00:00+00,SHORT,2050,0.33451968820704786,0.2524,0.007492947,1.0
2007-06-01 00:00:00+00,SHORT,3782,0.48314062547839315,-0.52,-0.0018942107,1.0
2007-06-04 00:00:00+00,SHORT,3907,0.15484235916576314,-0.07,-0.0013390818,1.0
2007-06-05 00:00:00+00,SHORT,4122,0.5542907387892185,-0.12,-0.0023857055,1.0
2007-06-05 00:00:00+00,SHORT,2365,0.45390053921428675,0.06,-0.0017559417,1.0
2007-06-05 00:00:00+00,SHORT,712,0.7685443222517595,0.13,0.0013642476,1.0
2007-06-05 00:00:00+00,SHORT,2028,0.14684040318519054,0.02,-0.0035491986,1.0
2007-06-15 00:00:00+00,SHORT,4074,0.0,0.33,-0.0046849125,1.0
2007-06-18 00:00:00+00,SHORT,694,0.491686495858086,-0.13,0.0071659205,1.0
2007-06-18 00:00:00+00,SHORT,1423,0.0,-0.2564,-0.0015487964,1.0
2007-07-13 00:00:00+00,SHORT,2686,0.14399683567087046,0.05,-0.0011175135,1.0
2007-07-17 00:00:00+00,SHORT,1715,0.9090909090909091,0.096,-0.0029792562,1.0
2007-07-18 00:00:00+00,SHORT,1767,0.0,0.02,-0.0046356316,1.0
2007-07-19 00:00:00+00,SHORT,1173,0.5195741498464739,-0.39,0.0017260063,1.0
2007-07-20 00:00:00+00,SHORT,2276,1.0,-0.1,-0.003570509,1.0
2007-07-20 00:00:00+00,SHORT,4088,1.0,0.13,-0.002009331,1.0
2007-07-23 00:00:00+00,SHORT,2272,0.9285714285714286,-0.02,-0.0035597533,1.0
2007-07-24 00:00:00+00,SHORT,2527,0.5473020826836799,-0.35,-0.0036316537,1.0
2007-07-24 00:00:00+00,SHORT,3882,1.0,-0.03,0.0031493264,1.0
2007-07-25 00:00:00+00,SHORT,4164,1.0,0.04,0.00462014,1.0
2007-08-03 00:00:00+00,SHORT,1108,1.0,-0.01,0.004236673,1.0
2007-08-09 00:00:00+00,SHORT,959,1.0,0.03,0.0069391057,1.0
2007-08-10 00:00:00+00,SHORT,959,0.17904777711629052,0.03,-0.0011389494,1.0
2007-09-05 00:00:00+00,SHORT,3114,0.0,-0.07,-0.0022330421,1.0
2007-09-19 00:00:00+00,SHORT,845,0.0,0.03,0.011867592,1.0
2007-10-08 00:00:00+00,SHORT,9,0.372535984992565,0.54,0.0014322216,1.0
2007-10-08 00:00:00+00,SHORT,558,0.8666666666666667,0.18,-0.0033418476,1.0
2007-10-08 00:00:00+00,SHORT,903,0.9425308004026044,-0.01,0.002608675,1.0
2007-10-16 00:00:00+00,SHORT,1740,0.6415382462372259,-0.06,-0.0045292745,1.0
2007-11-05 00:00:00+00,SHORT,4083,0.0,0.56,-0.004398844,1.0
2007-12-03 00:00:00+00,SHORT,1171,0.6194484078709899,0.05,-0.0029256705,1.0
2007-12-06 00:00:00+00,SHORT,3142,0.9090909090909091,0.04,-0.0044535645,1.0
2007-12-07 00:00:00+00,SHORT,135,1.0,0.05,-0.0043375255,1.0
2007-12-07 00:00:00+00,SHORT,2582,1.0,-0.06,-0.0042458363,1.0
2007-12-07 00:00:00+00,SHORT,2816,0.761788622109862,0.2,0.0015667294,1.0
2007-12-24 00:00:00+00,SHORT,2640,0.9166666666666666,0.01,0.017360741,1.0
2007-12-26 00:00:00+00,SHORT,631,1.0,-0.05,-0.0048404248,1.0
2008-01-03 00:00:00+00,SHORT,3116,0.0,0.13,-0.0030159275,1.0
2008-01-08 00:00:00+00,SHORT,2961,0.0,0.03,6.1964063E-4,1.0
2008-01-10 00:00:00+00,SHORT,791,1.0,0.09,0.0021779274,1.0
2008-01-10 00:00:00+00,SHORT,3522,0.7262656720045253,0.42,-9.210144E-4,1.0
2008-01-11 00:00:00+00,SHORT,937,0.6596316543694865,-0.01,-0.0010210034,1.0
2008-02-14 00:00:00+00,SHORT,1523,0.09274212082682959,-0.14,0.03367235,1.0
2008-02-25 00:00:00+00,SHORT,4215,0.0,0.0365,0.012921855,1.0
2008-02-26 00:00:00+00,SHORT,245,1.0,-0.14,-0.0027106355,1.0
2008-02-27 00:00:00+00,SHORT,450,0.4560899795400392,0.22,-0.002239461,1.0
2008-02-27 00:00:00+00,SHORT,862,0.7781775780665718,-0.13,-0.0032524844,1.0
2008-02-27 00:00:00+00,SHORT,3744,1.0,0.1944,0.0023290922,1.0
2008-02-27 00:00:00+00,SHORT,4062,0.0,0.04,-0.0017842825,1.0
2008-02-28 00:00:00+00,SHORT,562,0.9,-0.08,-0.0021706922,1.0
2008-02-28 00:00:00+00,SHORT,1922,0.28720815408519484,-0.22,0.002703528,1.0
2008-03-03 00:00:00+00,SHORT,517,0.16565504769972775,0.49,0.0035992647,1.0
2008-03-03 00:00:00+00,SHORT,1328,0.5150601443009407,0.03,-0.0047840574,1.0
2008-03-05 00:00:00+00,SHORT,1631,0.0,0.0,2.0765235E-4,1.0
2008-03-06 00:00:00+00,SHORT,3486,1.0,-0.0674,0.008103834,1.0
2008-03-19 00:00:00+00,SHORT,3586,0.09342985945048884,0.13,0.0013731892,1.0
2008-03-25 00:00:00+00,SHORT,787,0.9411764705882353,-0.0048,-6.042193E-4,1.0
2008-03-25 00:00:00+00,SHORT,2032,0.0,0.32,-5.704295E-4,1.0
2008-04-02 00:00:00+00,SHORT,2437,0.0,0.24,-0.0046683867,1.0
2008-04-02 00:00:00+00,SHORT,3614,0.0,-0.2107,-0.0026846235,1.0
2008-04-08 00:00:00+00,SHORT,4118,0.0,-0.28,0.017938776,1.0
2008-04-09 00:00:00+00,SHORT,2747,0.5835403043821636,0.0704,-0.004578562,1.0
2008-04-17 00:00:00+00,SHORT,88,0.9166666666666666,0.04,0.006952088,1.0
2008-04-21 00:00:00+00,SHORT,2482,0.665669558216045,-0.16,-0.0039509665,1.0
2008-04-22 00:00:00+00,SHORT,2898,0.42580437012824224,-0.07,-0.0028640064,1.0
2008-04-24 00:00:00+00,SHORT,4215,0.16399896671934536,0.0365,0.004107921,1.0
2008-05-02 00:00:00+00,SHORT,2119,1.0,-0.03,-0.0018491748,1.0
2008-05-02 00:00:00+00,SHORT,2870,0.789775191973337,-0.07,-3.6099038E-4,1.0
2008-05-12 00:00:00+00,SHORT,3890,1.0,0.3911,-0.0036187647,1.0
2008-05-16 00:00:00+00,SHORT,713,0.8319687839712424,-0.49,-0.003008638,1.0
2008-05-19 00:00:00+00,SHORT,2055,1.0,-0.09,-0.0044401432,1.0
2008-05-21 00:00:00+00,SHORT,2125,0.0,0.05,-0.0032722338,1.0
2008-05-21 00:00:00+00,SHORT,1949,0.9122107969982548,-0.17,0.0012993247,1.0
2008-05-22 00:00:00+00,SHORT,3420,0.6782689604116854,0.57,-0.0043098563,1.0
2008-05-30 00:00:00+00,SHORT,2350,0.0,0.04,0.0073045366,1.0
2008-06-03 00:00:00+00,SHORT,2898,0.5927820993535851,0.01,-0.0027862394,1.0
2008-06-18 00:00:00+00,SHORT,1916,0.1257272032145466,0.03,-0.004368163,1.0
2008-07-23 00:00:00+00,SHORT,1700,1.0,-0.09,-0.0029123956,1.0
2008-07-23 00:00:00+00,SHORT,1767,0.40678737608855964,0.01,0.015640935,1.0
2008-07-31 00:00:00+00,SHORT,710,0.46465723785472385,0.07,-0.0029876307,1.0
2008-07-31 00:00:00+00,SHORT,1328,1.0,0.16,0.0031198938,1.0
2008-08-06 00:00:00+00,SHORT,2972,0.37139574863422514,0.11,0.0015785185,1.0
2008-08-11 00:00:00+00,SHORT,234,0.9230769230769231,-0.09,0.0029661632,1.0
2008-08-12 00:00:00+00,SHORT,1719,1.0,0.02,0.003345634,1.0
2008-08-12 00:00:00+00,SHORT,2042,1.0,0.32,-0.001632119,1.0
2008-08-18 00:00:00+00,SHORT,4164,1.0,-0.03,-0.004236565,1.0
2008-08-28 00:00:00+00,SHORT,2816,1.0,0.13,4.9961018E-5,1.0
2008-09-09 00:00:00+00,SHORT,221,1.0,0.18,-0.002532221,1.0
2008-09-22 00:00:00+00,SHORT,3694,1.0,-0.0312,3.152679E-4,1.0
2008-11-28 00:00:00+00,SHORT,3271,1.0,-0.02,-0.00464821,1.0
2008-12-19 00:00:00+00,SHORT,1360,0.0,-0.0179,0.0017570769,1.0
2009-01-05 00:00:00+00,SHORT,84,0.0,0.47,-0.0044554356,1.0
2009-01-05 00:00:00+00,SHORT,2971,1.0,0.01,-0.0010949796,1.0
2009-01-06 00:00:00+00,SHORT,76,1.0,-0.06,0.0010906263,1.0
2009-01-06 00:00:00+00,SHORT,2330,1.0,-0.09,0.036461294,1.0
2009-01-06 00:00:00+00,SHORT,1235,1.0,0.27,-0.0016008114,1.0
2009-01-06 00:00:00+00,SHORT,1300,0.6461447455716826,0.14,-0.0017206984,1.0
2009-01-06 00:00:00+00,SHORT,1308,0.7429849628691324,0.3,-5.497862E-4,1.0
2009-01-07 00:00:00+00,SHORT,243,0.875,0.13,-0.0041549364,1.0
2009-01-07 00:00:00+00,SHORT,694,0.0,0.1,0.0083889775,1.0
2009-01-07 00:00:00+00,SHORT,835,0.9333333333333333,-0.11,-0.0038087738,1.0
2009-01-07 00:00:00+00,SHORT,3343,0.0,-0.16,-0.0022832185,1.0
2009-01-07 00:00:00+00,SHORT,3699,0.0,-0.06,0.009825432,1.0
2009-01-07 00:00:00+00,SHORT,1740,1.0,0.19,0.003505896,1.0
2009-01-07 00:00:00+00,SHORT,3882,0.9333333333333333,0.04,-0.0045775813,1.0
2009-01-09 00:00:00+00,SHORT,1423,1.0,0.03,-0.0012731738,1.0
2009-01-09 00:00:00+00,SHORT,1715,1.0,-0.2276,-0.0025706168,1.0
2009-02-04 00:00:00+00,SHORT,2462,1.0,0.12,-0.0028332206,1.0
2009-03-13 00:00:00+00,SHORT,1324,0.9333333333333333,0.1,0.003059822,1.0
2009-03-31 00:00:00+00,SHORT,1114,0.5825674271153019,0.2704,-0.0045572366,1.0
2009-04-06 00:00:00+00,SHORT,3621,1.0,-0.45,-0.0035129797,1.0
2009-04-20 00:00:00+00,SHORT,3443,1.0,0.0,0.048603073,1.0
2009-05-01 00:00:00+00,SHORT,245,0.0,0.27,-0.0036685301,1.0
2009-05-05 00:00:00+00,SHORT,3561,0.0,-0.2,-0.004731128,1.0
2009-05-11 00:00:00+00,SHORT,3255,0.47195318653895324,-0.01,-0.004332792,1.0
2009-06-02 00:00:00+00,SHORT,2055,0.0,-0.13,3.926657E-4,1.0
2009-06-02 00:00:00+00,SHORT,4123,0.461801913207809,-0.24,0.0043997,1.0
2009-06-02 00:00:00+00,SHORT,142,1.0,0.05,-0.00367148,1.0
2009-06-02 00:00:00+00,SHORT,2686,0.36944566770327464,-0.31,-0.0026271853,1.0
2009-06-02 00:00:00+00,SHORT,712,1.0,-0.2,0.0075676884,1.0
2009-06-02 00:00:00+00,SHORT,3645,0.4100003476466659,0.04,1.979153E-4,1.0
2009-06-03 00:00:00+00,SHORT,1087,0.138875702696571,0.04,-0.0017632034,1.0
2009-06-03 00:00:00+00,SHORT,3915,0.34651103126992083,-0.17,8.710599E-4,1.0
2009-06-08 00:00:00+00,SHORT,2269,0.8888888888888888,-0.01,-0.0043747113,1.0
2009-06-12 00:00:00+00,SHORT,730,0.9166666666666666,0.22,0.0034351621,1.0
2009-06-12 00:00:00+00,SHORT,3471,0.0,-0.17,-0.0046468196,1.0
2009-07-16 00:00:00+00,SHORT,836,0.0,-0.34,0.005127181,1.0
2009-08-25 00:00:00+00,SHORT,960,0.06232548390995235,-0.03,7.824999E-4,1.0
2009-08-26 00:00:00+00,SHORT,558,1.0,0.1,0.002585027,1.0
2009-08-31 00:00:00+00,SHORT,3610,0.0,0.28,0.010057568,1.0
2009-09-17 00:00:00+00,SHORT,2866,1.0,-0.06,-0.0022595397,1.0
2009-09-17 00:00:00+00,SHORT,836,0.0,0.04,-0.0017965146,1.0
2009-09-17 00:00:00+00,SHORT,3142,1.0,0.06,0.0070597385,1.0
2009-10-15 00:00:00+00,SHORT,3613,0.5570806464854736,-0.21,-0.004514325,1.0
2009-10-20 00:00:00+00,SHORT,323,0.9166666666666666,0.115,-0.0032786848,1.0
2009-10-23 00:00:00+00,SHORT,11,0.6104252561056633,0.0325,-0.0041882424,1.0
2009-10-26 00:00:00+00,SHORT,1916,0.3366754008899253,0.04,-5.838109E-4,1.0
2009-10-27 00:00:00+00,SHORT,266,0.0,0.01,0.0027673182,1.0
2009-11-10 00:00:00+00,SHORT,2350,0.0,0.09,-0.0039202645,1.0
2009-12-03 00:00:00+00,SHORT,2125,0.6032616098480919,-0.03,7.5782323E-4,1.0
2009-12-03 00:00:00+00,SHORT,2661,0.0,-0.1,-0.0048455964,1.0
2009-12-14 00:00:00+00,SHORT,2151,1.0,0.07,-0.0020045969,1.0
2009-12-14 00:00:00+00,SHORT,1306,0.33056688751126095,0.45,0.010095266,1.0
2009-12-15 00:00:00+00,SHORT,1306,0.28682734428376966,0.45,-0.0024503719,1.0
2009-12-16 00:00:00+00,SHORT,2703,0.5377017672951729,0.6,-0.004012248,1.0
2009-12-21 00:00:00+00,SHORT,535,0.0,0.13,7.083291E-4,1.0
2009-12-22 00:00:00+00,SHORT,3192,0.0,-0.0201,-0.0016534292,1.0
2010-01-07 00:00:00+00,SHORT,3861,1.0,0.07,-0.00485361,1.0
2010-01-13 00:00:00+00,SHORT,3782,0.48443171424302806,0.35,-0.003701081,1.0
2010-01-14 00:00:00+00,SHORT,4079,0.0,0.0,-6.428308E-4,1.0
2010-01-15 00:00:00+00,SHORT,2365,0.6572658162021431,0.01,0.0063755633,1.0
2010-01-21 00:00:00+00,SHORT,39,0.10719509762342815,-0.14,-0.0013028301,1.0
2010-01-21 00:00:00+00,SHORT,3612,1.0,-0.21,-0.0021993255,1.0
2010-01-28 00:00:00+00,SHORT,3539,0.19756821946290723,-0.45,0.010519374,1.0
2010-01-29 00:00:00+00,SHORT,3539,0.1791327130982281,-0.45,3.2045346E-4,1.0
2010-02-02 00:00:00+00,SHORT,1220,0.0,0.02,0.011486712,1.0
2010-02-03 00:00:00+00,SHORT,1220,0.0,0.02,-0.0037482136,1.0
2010-03-08 00:00:00+00,SHORT,4215,0.23135753068740397,-0.0486,0.011134602,1.0
2010-03-08 00:00:00+00,SHORT,1361,0.3944858530598149,0.06,-0.00229567,1.0
2010-03-18 00:00:00+00,SHORT,183,0.0,-0.12,-0.0040945867,1.0
2010-03-24 00:00:00+00,SHORT,2518,0.0,-0.11,-0.0021767644,1.0
2010-04-07 00:00:00+00,SHORT,2731,0.45116673398198204,-0.05,-3.3676307E-4,1.0
2010-04-15 00:00:00+00,SHORT,2546,1.0,0.21,-0.0034448851,1.0
2010-04-15 00:00:00+00,SHORT,2567,0.46079608327447824,-0.16,-0.0025895555,1.0
2010-04-15 00:00:00+00,SHORT,3539,1.0,-0.45,-0.0015089428,1.0
2010-04-20 00:00:00+00,SHORT,1087,1.0,-0.07,-0.0019928503,1.0
2010-04-23 00:00:00+00,SHORT,237,0.9166666666666666,0.42,-0.0038589076,1.0
2010-04-26 00:00:00+00,SHORT,73,1.0,0.15,-0.002773865,1.0
2010-04-26 00:00:00+00,SHORT,245,1.0,0.06,0.0022696215,1.0
2010-04-26 00:00:00+00,SHORT,835,1.0,0.05,-0.0040119956,1.0
2010-04-26 00:00:00+00,SHORT,2972,0.5681607843525095,-0.17,-0.0034819029,1.0
2010-04-26 00:00:00+00,SHORT,3641,0.7779000667630763,0.15,9.487831E-4,1.0
2010-04-26 00:00:00+00,SHORT,3895,0.8339204373088062,0.16,-0.001718407,1.0
2010-04-30 00:00:00+00,SHORT,502,0.0,-0.01,0.0054394216,1.0
2010-06-16 00:00:00+00,SHORT,2613,0.2441193330799771,0.02,-0.0037737575,1.0
2010-06-18 00:00:00+00,SHORT,69,0.0,-0.27,-0.0019656136,1.0
2010-06-21 00:00:00+00,SHORT,388,0.2065358078882933,-0.54,-0.0011683214,1.0
2010-06-21 00:00:00+00,SHORT,4034,1.0,-0.14,-8.191358E-4,1.0
2010-06-22 00:00:00+00,SHORT,2350,1.0,0.26,-0.0014511078,1.0
2010-07-09 00:00:00+00,SHORT,2084,0.5047804604613443,0.09,-0.0040293,1.0
2010-07-14 00:00:00+00,SHORT,1767,0.29561461502789366,0.01,-0.0018370714,1.0
2010-07-27 00:00:00+00,SHORT,3631,0.245758238785412,0.05,-0.0024565775,1.0
2010-08-03 00:00:00+00,SHORT,3815,1.0,-0.02,-7.2809076E-4,1.0
2010-08-04 00:00:00+00,SHORT,323,1.0,0.0068,3.1886416E-4,1.0
2010-08-04 00:00:00+00,SHORT,897,1.0,0.51,-0.0034946944,1.0
2010-08-06 00:00:00+00,SHORT,3994,0.0,0.19,0.0016571038,1.0
2010-09-07 00:00:00+00,SHORT,1356,1.0,0.0,0.0057351133,1.0
2010-09-08 00:00:00+00,SHORT,2111,0.611083333217614,0.4,-0.0048016147,1.0
2010-09-15 00:00:00+00,SHORT,1610,0.2600767360162221,0.23,-3.052226E-4,1.0
2010-09-21 00:00:00+00,SHORT,2028,1.0,-0.02,-9.552936E-5,1.0
2010-09-30 00:00:00+00,SHORT,3283,0.0,-0.29,0.0012904727,1.0
2010-10-06 00:00:00+00,SHORT,3216,1.0,-0.37,-9.3956117E-4,1.0
2010-10-27 00:00:00+00,SHORT,4197,0.5117076037298204,-0.02,-2.9944093E-4,1.0
2010-11-03 00:00:00+00,SHORT,937,0.07478170345735101,0.24,-0.0047537987,1.0
2010-11-04 00:00:00+00,SHORT,835,0.2036956490807493,0.0,-0.0044244323,1.0
2010-11-05 00:00:00+00,SHORT,194,0.04271380516717947,0.58,0.0016504766,1.0
2010-11-05 00:00:00+00,SHORT,2425,0.0,-0.07,-0.002347616,1.0
2010-11-05 00:00:00+00,SHORT,3137,0.31957046911666037,0.13,0.017288325,1.0
2010-11-05 00:00:00+00,SHORT,3646,0.9473684210526316,-0.12,1.7325874E-4,1.0
2010-11-08 00:00:00+00,SHORT,2351,0.2985270676145711,-0.1,-0.0026897637,1.0
2010-11-08 00:00:00+00,SHORT,1851,0.10383340075741801,0.05,4.3350382E-4,1.0
2010-11-09 00:00:00+00,SHORT,2055,0.0,0.05,7.3147257E-4,1.0
2010-11-10 00:00:00+00,SHORT,2285,0.6098777561449779,0.27,-0.0019353429,1.0
2010-11-10 00:00:00+00,SHORT,3815,0.0,0.16,-0.0041389437,1.0
2010-11-11 00:00:00+00,SHORT,3116,0.0,0.09,0.0048595923,1.0
2010-12-08 00:00:00+00,SHORT,3192,0.95,-0.094,1.191303E-4,1.0
2010-12-10 00:00:00+00,SHORT,266,0.16073639719527028,0.22,-0.004019112,1.0
2010-12-28 00:00:00+00,SHORT,4136,0.10137328210031558,0.28,-1.9417012E-4,1.0
2010-12-29 00:00:00+00,SHORT,2107,0.0,0.49,-4.0399877E-4,1.0
2011-01-10 00:00:00+00,SHORT,2527,1.0,-0.02,-0.0011099443,1.0
2011-01-19 00:00:00+00,SHORT,2986,0.35421648856362153,0.27,-4.8190475E-4,1.0
2011-01-27 00:00:00+00,SHORT,2452,0.2821190738590829,0.39,-0.004297689,1.0
2011-02-08 00:00:00+00,SHORT,2425,0.5710512997518615,-0.07,0.0040137838,1.0
2011-02-14 00:00:00+00,SHORT,3907,0.3155850675337165,-0.11,-0.0040490697,1.0
2011-02-16 00:00:00+00,SHORT,2061,0.0,0.22,-0.004662757,1.0
2011-02-17 00:00:00+00,SHORT,1144,0.12440720746685822,-0.13,-0.0013847675,1.0
2011-02-18 00:00:00+00,SHORT,52,0.0,-0.05,-0.004775157,1.0
2011-02-18 00:00:00+00,SHORT,535,0.0,-0.01,0.020090966,1.0
2011-02-18 00:00:00+00,SHORT,1258,0.0,-0.56,-0.0014813156,1.0
2011-02-18 00:00:00+00,SHORT,3815,0.0,0.16,-0.0043283463,1.0
2011-03-04 00:00:00+00,SHORT,2305,0.646579180143095,-0.36,0.0054143253,1.0
2011-03-04 00:00:00+00,SHORT,309,0.9333333333333333,0.53,-0.0023333533,1.0
2011-03-04 00:00:00+00,SHORT,638,0.15570796428315234,0.04,-0.0042926716,1.0
2011-03-04 00:00:00+00,SHORT,3335,0.0,0.2,-2.4920178E-4,1.0
2011-03-07 00:00:00+00,SHORT,2548,0.0,0.22,-0.0032494161,1.0
2011-03-28 00:00:00+00,SHORT,4224,0.0,-0.01,-0.004572092,1.0
2011-04-04 00:00:00+00,SHORT,3686,0.0,-0.22,-0.0039205267,1.0
2011-04-05 00:00:00+00,SHORT,3885,0.0,0.16,0.0038145254,1.0
2011-04-06 00:00:00+00,SHORT,9,0.0,-0.56,0.0024222543,1.0
2011-04-06 00:00:00+00,SHORT,1377,0.4143442040311065,0.02,-0.003320078,1.0
2011-04-07 00:00:00+00,SHORT,1434,0.6880315064472442,-0.33,-0.0041163038,1.0
2011-04-21 00:00:00+00,SHORT,938,0.0,-0.01,-0.0036819372,1.0
2011-04-25 00:00:00+00,SHORT,2640,0.2621422286749736,0.03,0.0013951593,1.0
2011-04-25 00:00:00+00,SHORT,3343,0.336988012495846,-0.41,-0.0018921309,1.0
2011-04-25 00:00:00+00,SHORT,1423,0.19628095466510137,-0.22,0.0056796316,1.0
2011-05-02 00:00:00+00,SHORT,2661,1.0,-0.16,9.35567E-4,1.0
2011-05-04 00:00:00+00,SHORT,1817,0.5713056335397525,0.0,-0.0033937225,1.0
2011-05-31 00:00:00+00,SHORT,629,0.875,-0.06,-0.0033520847,1.0
2011-05-31 00:00:00+00,SHORT,1851,0.3163027800587831,0.0,-0.00429251,1.0
2011-06-30 00:00:00+00,SHORT,2088,1.0,0.21,-0.0034498852,1.0
2011-07-05 00:00:00+00,SHORT,1832,0.4055061328378009,-0.34,-0.0045318836,1.0
2011-07-08 00:00:00+00,SHORT,3915,0.9090909090909091,-0.2,0.01342384,1.0
2011-07-22 00:00:00+00,SHORT,4136,0.8571428571428572,0.17,-0.0033941222,1.0
2011-07-22 00:00:00+00,SHORT,4194,1.0,-0.1038,0.01691271,1.0
2011-07-22 00:00:00+00,SHORT,558,1.0,0.23,-0.0032290178,1.0
2011-07-22 00:00:00+00,SHORT,1160,0.9333333333333333,-0.42,-0.003931304,1.0
2011-07-22 00:00:00+00,SHORT,3973,0.5891769763364277,-0.05,-0.004043842,1.0
2011-07-27 00:00:00+00,SHORT,1144,0.0,-0.13,0.007658935,1.0
2011-07-29 00:00:00+00,SHORT,903,0.9090909090909091,0.29,-0.0035862522,1.0
2011-08-31 00:00:00+00,SHORT,13,0.6290357216087674,-0.38,-0.0024335212,1.0
2011-09-15 00:00:00+00,SHORT,2305,0.0,-0.02,1.4855732E-4,1.0
2011-09-16 00:00:00+00,SHORT,2835,1.0,0.03,0.0076712742,1.0
2011-09-19 00:00:00+00,SHORT,780,0.8571428571428572,0.03,0.0025695295,1.0
2011-09-19 00:00:00+00,SHORT,1191,0.8333333333333334,-0.04,-0.0016776219,1.0
2011-09-20 00:00:00+00,SHORT,844,0.3094312498418089,0.0044,0.0021043492,1.0
2011-09-20 00:00:00+00,SHORT,3355,1.0,0.07,0.006799984,1.0
2011-09-21 00:00:00+00,SHORT,11,0.9285714285714286,0.0475,-0.001576709,1.0
2011-09-29 00:00:00+00,SHORT,2066,0.0,0.0,-2.5229756E-4,1.0
2011-10-28 00:00:00+00,SHORT,2285,0.8,0.42,0.021938782,1.0
2011-10-28 00:00:00+00,SHORT,2351,0.9090909090909091,0.0,0.001765929,1.0
2011-10-28 00:00:00+00,SHORT,1910,0.45047018190449545,-0.19,0.00468274,1.0
2011-10-31 00:00:00+00,SHORT,2351,0.3780282749464036,0.0,-0.0032923352,1.0
2011-11-07 00:00:00+00,SHORT,3895,0.6673454122595327,-0.13,0.008370562,1.0
2011-11-14 00:00:00+00,SHORT,406,0.2489259785848442,0.3648,5.1476486E-4,1.0
2011-12-01 00:00:00+00,SHORT,234,0.7184649464351739,0.17,0.0020224128,1.0
2012-01-04 00:00:00+00,SHORT,3648,0.478828409628211,-0.1321,0.0013572891,1.0
2012-01-04 00:00:00+00,SHORT,4016,0.4892550325758693,-0.3628,-0.0025743474,1.0
2012-01-19 00:00:00+00,SHORT,2253,0.42263361052624343,0.07,-0.003318052,1.0
2012-01-23 00:00:00+00,SHORT,2518,0.0,0.15,-0.00115002,1.0
2012-02-06 00:00:00+00,SHORT,2877,0.5139012850198044,-0.34,-3.6759704E-4,1.0
2012-02-17 00:00:00+00,SHORT,2770,0.0,-0.25,0.0023937905,1.0
2012-02-22 00:00:00+00,SHORT,1593,0.445466987413914,0.32,-0.0028382433,1.0
2012-02-23 00:00:00+00,SHORT,3915,0.0,0.32,0.0015364923,1.0
2012-02-29 00:00:00+00,SHORT,2720,0.8571428571428572,0.03,-2.448983E-4,1.0
2012-02-29 00:00:00+00,SHORT,3885,0.1550784167130017,0.23,-0.002400945,1.0
2012-03-16 00:00:00+00,SHORT,3581,0.7372082180188697,-0.04,-0.0013660592,1.0
2012-03-20 00:00:00+00,SHORT,3198,0.106530601742395,-0.17,0.0010826506,1.0
2012-03-28 00:00:00+00,SHORT,2421,0.7336270780575685,-0.39,-0.0041094576,1.0
2012-03-28 00:00:00+00,SHORT,3822,0.38043582452323127,-0.01,-0.002144165,1.0
2012-04-26 00:00:00+00,SHORT,1244,0.9333333333333333,-0.2281,-0.0027593526,1.0
2012-04-27 00:00:00+00,SHORT,3574,0.9166666666666666,-0.01,0.0026820945,1.0
2012-04-30 00:00:00+00,SHORT,9,0.9444444444444444,-0.46,-0.003739175,1.0
2012-05-02 00:00:00+00,SHORT,1081,0.4374259608688961,0.37,-0.0033663781,1.0
2012-05-11 00:00:00+00,SHORT,13,0.5715588770960753,0.03,-0.0039353166,1.0
2012-05-17 00:00:00+00,SHORT,1678,0.8053922228481754,-0.0155,-0.003600907,1.0
2012-05-24 00:00:00+00,SHORT,1767,0.2709821145467841,0.01,4.1166414E-4,1.0
2012-06-20 00:00:00+00,SHORT,498,0.3704721800226771,-0.1826,-0.0034450986,1.0
2012-06-20 00:00:00+00,SHORT,1360,0.0,-0.02,-0.0038822081,1.0
2012-07-02 00:00:00+00,SHORT,4122,0.11449696049414942,-0.38,0.0038334935,1.0
2012-07-02 00:00:00+00,SHORT,2770,0.0,-0.3,0.012624386,1.0
2012-07-02 00:00:00+00,SHORT,1803,0.9473684210526316,0.25,-0.0019079875,1.0
2012-07-03 00:00:00+00,SHORT,2912,0.0,0.11,-0.0034589956,1.0
2012-07-03 00:00:00+00,SHORT,3994,1.0,-0.27,0.011171658,1.0
2012-07-05 00:00:00+00,SHORT,4122,0.0,-0.38,-0.0044478592,1.0
2012-07-05 00:00:00+00,SHORT,3470,0.34824041284585033,0.11,-0.003320531,1.0
2012-07-05 00:00:00+00,SHORT,1534,1.0,-0.02,-0.0019658017,1.0
2012-07-05 00:00:00+00,SHORT,3754,0.9411764705882353,0.31,-0.0020981408,1.0
2012-07-05 00:00:00+00,SHORT,3828,0.0,-0.43,-0.0024518103,1.0
2012-07-06 00:00:00+00,SHORT,838,0.30448476955995624,0.01,-0.0027000697,1.0
2012-08-21 00:00:00+00,SHORT,4201,0.0,0.24,-0.0035780612,1.0
2012-09-07 00:00:00+00,SHORT,3683,0.5379260753982382,0.04,0.005491168,1.0
2012-09-14 00:00:00+00,SHORT,3652,0.6678628053144288,0.58,-0.0045992024,1.0
2012-09-14 00:00:00+00,SHORT,3841,0.6824038690242961,-0.1,0.0023302543,1.0
2012-09-17 00:00:00+00,SHORT,2129,0.5785927070447886,0.05,0.002925563,1.0
2012-09-17 00:00:00+00,SHORT,194,0.18666093674124187,-0.1,0.0027429748,1.0
2012-09-17 00:00:00+00,SHORT,248,0.7106680218721185,0.04,-3.321843E-4,1.0
2012-09-17 00:00:00+00,SHORT,2421,0.41032651736340453,0.23,0.008217176,1.0
2012-09-17 00:00:00+00,SHORT,694,0.26898629543355385,0.23,6.5035746E-4,1.0
2012-09-17 00:00:00+00,SHORT,2877,0.1692458533851294,0.48,0.0034506891,1.0
2012-09-17 00:00:00+00,SHORT,938,0.549814121439686,0.04,-7.7560556E-4,1.0
2012-09-17 00:00:00+00,SHORT,3244,0.426197285394821,0.25,-4.604215E-4,1.0
2012-09-17 00:00:00+00,SHORT,3469,0.25222862121496253,0.41,0.0014206612,1.0
2012-09-17 00:00:00+00,SHORT,3596,0.5361714658730125,-0.04,-0.0023462125,1.0
2012-09-18 00:00:00+00,SHORT,2421,0.1775124889928683,0.23,-0.003021082,1.0
2012-09-18 00:00:00+00,SHORT,394,0.18931221980037366,0.1,0.0116007915,1.0
2012-09-18 00:00:00+00,SHORT,516,0.0,0.15,-0.0028151965,1.0
2012-10-01 00:00:00+00,SHORT,2720,0.9411764705882353,-0.01,0.0019398398,1.0
2012-10-08 00:00:00+00,SHORT,3818,1.0,0.06,9.6490124E-4,1.0
2012-10-17 00:00:00+00,SHORT,4118,0.5310309718269073,-0.01,9.46013E-5,1.0
2012-10-18 00:00:00+00,SHORT,1474,0.18468499805108451,-0.5,-0.0035099434,1.0
2012-10-18 00:00:00+00,SHORT,1869,0.0,0.47,-0.004042384,1.0
2012-10-18 00:00:00+00,SHORT,3973,0.515107774446118,-0.16,0.0016874386,1.0
2012-10-19 00:00:00+00,SHORT,2999,0.5031361485161925,0.53,0.0023010217,1.0
2012-11-02 00:00:00+00,SHORT,3693,0.11669507081803476,-0.3715,-0.0014034433,1.0
2012-11-05 00:00:00+00,SHORT,433,0.0,-0.03,-0.0043327753,1.0
2012-11-05 00:00:00+00,SHORT,918,0.15527115879420766,0.1,-8.970621E-4,1.0
2012-11-05 00:00:00+00,SHORT,1299,0.5174803780099783,0.11,-7.915E-4,1.0
2012-11-07 00:00:00+00,SHORT,2898,0.30721719806054676,-0.02,0.0041776975,1.0
2012-11-08 00:00:00+00,SHORT,2898,0.3545950909247912,-0.02,-0.0016515262,1.0
2012-11-08 00:00:00+00,SHORT,1807,0.48742157177493606,-0.15,-2.1026647E-4,1.0
2012-12-20 00:00:00+00,SHORT,2345,0.0,0.51,-0.0031708176,1.0
2013-01-04 00:00:00+00,SHORT,401,0.009285095961378083,0.48,-0.0032601836,1.0
2013-01-14 00:00:00+00,SHORT,2686,1.0,0.19,0.001031256,1.0
2013-01-30 00:00:00+00,SHORT,2569,0.36438788975684955,-0.5,-0.0048681833,1.0
2013-01-31 00:00:00+00,SHORT,3124,0.0,0.1385,-0.0035185912,1.0
2013-02-01 00:00:00+00,SHORT,3861,0.31790220477679937,-0.14,3.317089E-4,1.0
2013-02-04 00:00:00+00,SHORT,219,1.0,-0.38,-1.4100478E-4,1.0
2013-02-11 00:00:00+00,SHORT,643,0.22841277962303555,-0.09,0.0031421254,1.0
2013-02-13 00:00:00+00,SHORT,413,0.1995525899495247,-0.07,-0.0047879587,1.0
2013-02-14 00:00:00+00,SHORT,739,0.5914775056793917,0.28,-0.0042855623,1.0
2013-02-20 00:00:00+00,SHORT,401,0.3165126961694877,-0.25,0.0015611509,1.0
2013-03-15 00:00:00+00,SHORT,2582,0.0,0.08,-0.0033798723,1.0
2013-03-15 00:00:00+00,SHORT,1303,0.7069338031540391,-0.03,-0.0026992,1.0
2013-03-22 00:00:00+00,SHORT,578,0.12502061653710791,0.54,-0.0033710676,1.0
2013-04-01 00:00:00+00,SHORT,424,1.0,0.56,0.0016869697,1.0
2013-04-11 00:00:00+00,SHORT,4112,0.7978309648223659,0.0,-0.0034246687,1.0
2013-04-12 00:00:00+00,SHORT,475,0.0,-0.02,-0.0012142471,1.0
2013-04-12 00:00:00+00,SHORT,2728,0.0,-0.12,-0.0030356578,1.0
2013-04-12 00:00:00+00,SHORT,3802,0.1807164886225458,-0.07,0.0017261419,1.0
2013-04-15 00:00:00+00,SHORT,2028,0.42649383690804427,0.11,-0.0038343647,1.0
2013-05-06 00:00:00+00,SHORT,64,0.40157184060230433,-0.27,0.0019441592,1.0
2013-06-10 00:00:00+00,SHORT,4218,0.46850605639528586,-0.29,-0.0012685775,1.0
2013-07-12 00:00:00+00,SHORT,3773,0.6512171283005247,0.39,-0.0027636152,1.0
2013-07-15 00:00:00+00,SHORT,2613,0.7699222796669799,0.0,-0.0036314048,1.0
2013-07-30 00:00:00+00,SHORT,753,0.3222337913520494,0.04,0.003079255,1.0
2013-08-02 00:00:00+00,SHORT,19,0.95,0.1082,0.0041656527,1.0
2013-08-02 00:00:00+00,SHORT,2912,0.13746693260832218,0.08,-0.0021847838,1.0
2013-08-02 00:00:00+00,SHORT,3275,0.030520753183379774,0.1779,0.0040194914,1.0
2013-08-05 00:00:00+00,SHORT,2761,0.37073516512355603,0.11,-0.0024021862,1.0
2013-08-05 00:00:00+00,SHORT,3275,0.0,0.1779,-0.001577937,1.0
2013-08-09 00:00:00+00,SHORT,93,0.11573592993379225,0.04,-0.0029022745,1.0
2013-08-26 00:00:00+00,SHORT,76,0.0,0.08,-0.0044972957,1.0
2013-08-26 00:00:00+00,SHORT,2543,0.4559308586399929,-0.33,0.004432384,1.0
2013-09-10 00:00:00+00,SHORT,610,0.0,0.0,0.0031524575,1.0
2013-09-17 00:00:00+00,SHORT,2504,0.9285714285714286,-0.44,0.0020720193,1.0
2013-09-17 00:00:00+00,SHORT,3684,0.0,0.38,-0.0019728972,1.0
2013-09-19 00:00:00+00,SHORT,2151,0.1404738262565705,0.24,-8.3035755E-4,1.0
2013-09-19 00:00:00+00,SHORT,517,0.0,-0.2,0.0016204682,1.0
2013-09-19 00:00:00+00,SHORT,535,0.0,0.1,0.0016262629,1.0
2013-09-19 00:00:00+00,SHORT,1324,0.0,-0.55,-0.0047733104,1.0
2013-09-19 00:00:00+00,SHORT,3872,0.2512796295594253,0.08,-0.0046781185,1.0
2013-09-19 00:00:00+00,SHORT,4049,0.0,0.19,-0.0047666524,1.0
2013-09-19 00:00:00+00,SHORT,4089,0.3865722395386433,-0.57,0.011285242,1.0
2013-10-03 00:00:00+00,SHORT,3793,0.0,0.4,-0.0033756564,1.0
2013-10-21 00:00:00+00,SHORT,2426,0.8888888888888888,-0.03,-9.6445257E-4,1.0
2013-10-21 00:00:00+00,SHORT,2469,0.24906842223124678,0.15,-0.0024375159,1.0
2013-10-31 00:00:00+00,SHORT,394,0.54510990012664,0.04,0.027804757,1.0
2013-11-29 00:00:00+00,SHORT,4153,0.31557126111202144,-0.18,0.0013520616,1.0
2013-12-02 00:00:00+00,SHORT,3868,0.0,-0.0217,-0.0017299587,1.0
2013-12-24 00:00:00+00,SHORT,1328,0.0,-0.02,-0.004405196,1.0
2014-01-10 00:00:00+00,SHORT,4073,0.0,-0.09,0.0013369616,1.0
2014-01-15 00:00:00+00,SHORT,1840,0.25784428245294083,0.12,0.004965901,1.0
2014-01-16 00:00:00+00,SHORT,1985,0.6687375816723586,0.26,-0.0016342188,1.0
2014-01-21 00:00:00+00,SHORT,3943,0.540558658846955,-0.02,0.009744891,1.0
2014-01-22 00:00:00+00,SHORT,975,0.126640203523513,-0.08,-0.0044931886,1.0
2014-01-22 00:00:00+00,SHORT,1832,0.13849394442574586,0.16,-0.004710713,1.0
2014-01-23 00:00:00+00,SHORT,2541,0.15133495496961344,-0.09,0.0015627947,1.0
2014-01-23 00:00:00+00,SHORT,3855,0.0,0.3,0.003369871,1.0
2014-02-10 00:00:00+00,SHORT,2397,0.0,0.19,0.0012618928,1.0
2014-03-05 00:00:00+00,SHORT,386,0.34355526267690445,0.02,-0.004430611,1.0
2014-03-06 00:00:00+00,SHORT,2469,0.8888888888888888,0.1,-0.0017309093,1.0
2014-03-07 00:00:00+00,SHORT,121,0.28271183906083236,0.35,0.0020407997,1.0
2014-03-07 00:00:00+00,SHORT,540,0.29721617759296276,0.27,-8.481759E-4,1.0
2014-03-07 00:00:00+00,SHORT,1927,0.7386670608675928,0.1621,0.0054241386,1.0
2014-03-10 00:00:00+00,SHORT,2064,0.02240759812480154,0.0,-0.0047583557,1.0
2014-03-10 00:00:00+00,SHORT,3098,0.2135709432340544,-0.12,0.0044547804,1.0
2014-03-10 00:00:00+00,SHORT,1819,0.18643087083259388,0.04,-0.0028065601,1.0
2014-03-21 00:00:00+00,SHORT,15,1.0,0.0,-0.003471791,1.0
2014-03-24 00:00:00+00,SHORT,3359,0.6920274448709465,-0.06,-0.0010847794,1.0
2014-03-26 00:00:00+00,SHORT,3684,0.37521387975806103,-0.38,-0.0040009376,1.0
2014-04-01 00:00:00+00,SHORT,3241,0.5559697512479355,0.13,-0.001085279,1.0
2014-04-02 00:00:00+00,SHORT,1748,0.0,-0.22,-0.00150314,1.0
2014-04-03 00:00:00+00,SHORT,259,0.35864725405667314,-0.12,-0.002700445,1.0
2014-04-03 00:00:00+00,SHORT,3794,1.0,0.03,-0.0048012966,1.0
2014-04-07 00:00:00+00,SHORT,2582,0.6040565355321055,0.06,-1.5842632E-4,1.0
2014-04-09 00:00:00+00,SHORT,3693,0.31460283235201564,-0.14,5.3800573E-5,1.0
2014-04-24 00:00:00+00,SHORT,13,0.2285115337363576,0.21,0.0022647176,1.0
2014-05-08 00:00:00+00,SHORT,3187,0.14450175642626642,0.61,-0.0037268759,1.0
2014-05-13 00:00:00+00,SHORT,735,0.9,-0.03,0.0057112775,1.0
2014-05-14 00:00:00+00,SHORT,1404,0.2593977299239401,-0.33,-3.4848406E-5,1.0
2014-06-05 00:00:00+00,SHORT,1633,0.685712284352674,-0.34,-0.003730169,1.0
2014-06-06 00:00:00+00,SHORT,2352,0.08131869120873235,-0.14,0.0017201445,1.0
2014-06-06 00:00:00+00,SHORT,345,0.0,-0.26,-0.004479172,1.0
2014-06-09 00:00:00+00,SHORT,960,1.0,-0.01,-0.0017550167,1.0
2014-06-10 00:00:00+00,SHORT,535,0.8492745571928189,-0.18,0.016037473,1.0
2014-06-10 00:00:00+00,SHORT,3855,0.4749903890984573,-0.49,-0.0014676658,1.0
2014-06-23 00:00:00+00,SHORT,2061,0.0,-0.17,-0.0022581886,1.0
2014-07-02 00:00:00+00,SHORT,2640,0.46730879740627274,0.05,0.0040555815,1.0
2014-07-14 00:00:00+00,SHORT,2499,0.3619448056478278,-0.11,-0.0048263227,1.0
2014-07-15 00:00:00+00,SHORT,1306,0.18141037787524647,-0.32,-0.004052998,1.0
2014-07-16 00:00:00+00,SHORT,3515,0.0,0.02,-0.002135572,1.0
2014-07-21 00:00:00+00,SHORT,2151,0.36944960902649204,0.01,-0.003007563,1.0
2014-07-23 00:00:00+00,SHORT,3907,0.08637508599701396,-0.1,-0.0011168696,1.0
2014-07-24 00:00:00+00,SHORT,4123,0.06140702466569276,0.09,-0.0042308075,1.0
2014-07-24 00:00:00+00,SHORT,2569,0.6851173650007606,0.38,-0.0015929827,1.0
2014-07-24 00:00:00+00,SHORT,3021,0.23255204965759302,-0.13,-0.004388996,1.0
2014-07-24 00:00:00+00,SHORT,1719,0.6123439788501599,-0.12,-0.0032221563,1.0
2014-07-24 00:00:00+00,SHORT,1740,0.5655685589461651,-0.02,-0.0022828153,1.0
2014-07-25 00:00:00+00,SHORT,3818,0.0,0.05,-0.003718254,1.0
2014-07-25 00:00:00+00,SHORT,4062,0.3572359166510583,0.01,5.347503E-4,1.0
2014-08-18 00:00:00+00,SHORT,2381,0.44566471988623785,-0.08,-5.3333526E-4,1.0
2014-09-18 00:00:00+00,SHORT,1090,0.3565744090628784,0.0,-0.0022040254,1.0
2014-09-19 00:00:00+00,SHORT,73,1.0,-0.29,-0.004888885,1.0
2014-09-19 00:00:00+00,SHORT,2270,0.33413626449057254,0.01,-0.0019516186,1.0
2014-09-19 00:00:00+00,SHORT,2541,1.0,0.12,0.0056574983,1.0
2014-09-19 00:00:00+00,SHORT,652,0.11713133841331874,0.62,0.0011231273,1.0
2014-09-19 00:00:00+00,SHORT,3241,0.9166666666666666,0.03,-7.531165E-4,1.0
2014-09-19 00:00:00+00,SHORT,3629,1.0,0.61,9.809103E-4,1.0
2014-09-19 00:00:00+00,SHORT,3853,1.0,0.16,-0.0038170707,1.0
2014-09-19 00:00:00+00,SHORT,2042,1.0,0.11,-0.0037083603,1.0
2014-09-22 00:00:00+00,SHORT,1051,0.47995234755250193,-0.1537,-0.0044123456,1.0
2014-09-22 00:00:00+00,SHORT,1205,0.4430903287697471,0.59,-0.0032671315,1.0
2014-09-30 00:00:00+00,SHORT,2567,0.20646888027780105,-0.04,-0.004540684,1.0
2014-10-06 00:00:00+00,SHORT,4250,1.0,0.0,0.002296419,1.0
2014-10-17 00:00:00+00,SHORT,2330,0.2007098289666074,-0.38,-0.0038538016,1.0
2014-11-04 00:00:00+00,SHORT,1396,1.0,0.0,0.010809518,1.0
2014-11-20 00:00:00+00,SHORT,1700,0.8589048563926234,0.42,0.0034409598,1.0
2014-11-24 00:00:00+00,SHORT,335,0.4545049624643258,0.44,0.005068994,1.0
2014-11-25 00:00:00+00,SHORT,1260,0.6103293187418878,0.37,-0.0022203894,1.0
2014-11-25 00:00:00+00,SHORT,3513,0.0,0.15,-0.0017265646,1.0
2014-11-26 00:00:00+00,SHORT,13,0.3105517517042539,0.27,-0.0026627115,1.0
2014-11-26 00:00:00+00,SHORT,3595,1.0,0.31,-0.0010133928,1.0
2014-12-01 00:00:00+00,SHORT,1076,0.6687491575573716,0.5574,0.0019390807,1.0
2014-12-02 00:00:00+00,SHORT,2776,0.7256876639801702,-0.04,0.0014163768,1.0
2014-12-03 00:00:00+00,SHORT,988,0.19201248224146816,-0.03,-0.004537446,1.0
2014-12-04 00:00:00+00,SHORT,2393,0.3046819897320721,0.01,-0.0012934364,1.0
2014-12-04 00:00:00+00,SHORT,2437,0.7468740097662687,0.28,-0.0030285635,1.0
2014-12-04 00:00:00+00,SHORT,845,0.43588668164631894,0.52,-0.004547657,1.0
2014-12-08 00:00:00+00,SHORT,2090,0.6887242507864754,0.08,0.0025860874,1.0
2014-12-08 00:00:00+00,SHORT,2553,0.5260790732016934,0.3,-0.0010444571,1.0
2014-12-09 00:00:00+00,SHORT,2090,0.6534935606103932,0.08,-0.002704308,1.0
2014-12-09 00:00:00+00,SHORT,2553,0.5132813439913233,0.3,-0.0037337663,1.0
2014-12-19 00:00:00+00,SHORT,2032,0.4285258124643038,-0.32,-0.0025570628,1.0
2015-01-23 00:00:00+00,SHORT,219,1.0,-0.25,-0.004378965,1.0
2015-01-28 00:00:00+00,SHORT,2643,0.8685657183005673,0.1008,-0.0047024232,1.0
2015-02-24 00:00:00+00,SHORT,1144,0.12614443069746872,0.32,-0.0029217154,1.0
2015-02-25 00:00:00+00,SHORT,2133,0.782454242370198,0.31,-0.0039308826,1.0
2015-02-27 00:00:00+00,SHORT,622,0.4991469303402441,0.22,-0.0047518485,1.0
2015-03-03 00:00:00+00,SHORT,3343,0.2623257789904166,0.23,-0.004217881,1.0
2015-03-09 00:00:00+00,SHORT,3359,0.38408332775445125,0.0,0.0025059308,1.0
2015-03-13 00:00:00+00,SHORT,3046,0.35084207217414515,0.08,0.0012436563,1.0
2015-03-20 00:00:00+00,SHORT,1534,0.0,0.01,4.984715E-4,1.0
2015-03-23 00:00:00+00,SHORT,2298,1.0,0.31,-0.0024635177,1.0
2015-03-23 00:00:00+00,SHORT,2778,1.0,0.03,0.0032793563,1.0
2015-04-10 00:00:00+00,SHORT,2330,0.3923263136949291,0.09,0.002406792,1.0
2015-04-10 00:00:00+00,SHORT,2469,1.0,-0.04,-0.0048101633,1.0
2015-04-16 00:00:00+00,SHORT,2818,0.6784124414867662,0.16,-0.0012620443,1.0
2015-04-23 00:00:00+00,SHORT,4062,0.8571428571428572,0.04,0.0027287258,1.0
2015-04-27 00:00:00+00,SHORT,1171,0.43346862029235184,0.11,-0.0030719684,1.0
2015-04-27 00:00:00+00,SHORT,3748,0.49595310869586695,0.0011,-8.3620625E-4,1.0
2015-04-30 00:00:00+00,SHORT,1897,0.3725440072725671,0.0,-0.0034014941,1.0
2015-05-15 00:00:00+00,SHORT,3040,0.7626826811789094,-0.21,0.0022781354,1.0
2015-05-15 00:00:00+00,SHORT,3744,0.4464454675504971,0.0965,-0.004533452,1.0
2015-05-19 00:00:00+00,SHORT,959,1.0,0.02,-7.225846E-4,1.0
2015-05-20 00:00:00+00,SHORT,3742,0.45972239073533505,-0.08,-0.0017648152,1.0
2015-06-04 00:00:00+00,SHORT,253,0.28839049945501305,-0.11,-4.5922628E-4,1.0
2015-06-04 00:00:00+00,SHORT,1869,0.69101401178757,-0.2,-0.0029571033,1.0
2015-06-05 00:00:00+00,SHORT,2469,0.0,-0.12,0.007532437,1.0
2015-06-05 00:00:00+00,SHORT,4050,0.5939750165977832,-0.46,-0.0018333768,1.0
2015-06-19 00:00:00+00,SHORT,1205,0.2921843452784585,-0.41,5.1737094E-4,1.0
2015-06-22 00:00:00+00,SHORT,664,0.49580556771270606,-0.21,-0.0047085686,1.0
2015-06-23 00:00:00+00,SHORT,2064,0.39879147305170703,-0.17,-0.0029716564,1.0
2015-06-23 00:00:00+00,SHORT,1967,0.3458048991707375,0.4669,0.0012324715,1.0
2015-07-15 00:00:00+00,SHORT,1734,0.6233377977912467,-0.09,-0.0039186114,1.0
2015-07-31 00:00:00+00,SHORT,4083,0.45731573127468506,0.03,0.021374762,1.0
2015-08-03 00:00:00+00,SHORT,4083,0.4198110818727882,0.03,0.005496567,1.0
2015-08-10 00:00:00+00,SHORT,2330,0.6891269148273499,-0.4,-0.0036652088,1.0
2015-08-11 00:00:00+00,SHORT,1184,0.9230769230769231,0.2922,-0.0027763573,1.0
2015-08-18 00:00:00+00,SHORT,2079,1.0,-0.17,-0.003922234,1.0
2015-08-19 00:00:00+00,SHORT,3895,1.0,0.16,-0.0028010707,1.0
2015-08-21 00:00:00+00,SHORT,356,0.13854397983713865,0.141,0.02149839,1.0
2015-09-17 00:00:00+00,SHORT,622,1.0,-0.39,0.006507345,1.0
2015-09-18 00:00:00+00,SHORT,622,0.9090909090909091,-0.39,-0.0018813113,1.0
2015-10-06 00:00:00+00,SHORT,3640,0.0,0.07,-3.8227896E-4,1.0
2015-10-29 00:00:00+00,SHORT,1144,0.059612175482847425,-0.04,-0.0045599383,1.0
2015-11-03 00:00:00+00,SHORT,1360,0.5548158612586009,0.05,-3.8264887E-4,1.0
2015-11-04 00:00:00+00,SHORT,4250,0.0,0.08,0.011870374,1.0
2015-11-05 00:00:00+00,SHORT,3851,1.0,-0.07,0.0052756616,1.0
2015-11-09 00:00:00+00,SHORT,535,1.0,0.01,0.005848553,1.0
2015-11-09 00:00:00+00,SHORT,3631,0.5526870284032434,-0.01,1.3753392E-4,1.0
2015-11-23 00:00:00+00,SHORT,1099,1.0,-0.43,-0.004407836,1.0
2015-12-07 00:00:00+00,SHORT,843,0.6843833013101256,0.01,-4.4615904E-4,1.0
2015-12-24 00:00:00+00,SHORT,2469,1.0,-0.04,0.004991475,1.0
2015-12-24 00:00:00+00,SHORT,1731,1.0,-0.37,-0.00259142,1.0
2015-12-30 00:00:00+00,SHORT,220,0.9375,0.05,-0.0034551483,1.0
2015-12-30 00:00:00+00,SHORT,2643,0.41532184679579154,-0.2261,-7.773967E-4,1.0
2015-12-30 00:00:00+00,SHORT,2751,1.0,0.06,-0.0028949156,1.0
2015-12-30 00:00:00+00,SHORT,3021,0.5529143388638176,-0.16,-0.004535175,1.0
2015-12-30 00:00:00+00,SHORT,3053,1.0,-0.12,-1.6274284E-4,1.0
2015-12-30 00:00:00+00,SHORT,1144,0.0,-0.04,-3.519154E-4,1.0
2015-12-31 00:00:00+00,SHORT,1144,0.0,-0.04,-0.004612646,1.0
2016-02-01 00:00:00+00,SHORT,693,1.0,0.4,0.0023040094,1.0
2016-02-04 00:00:00+00,SHORT,869,0.0,0.1,0.0011093386,1.0
2016-02-05 00:00:00+00,SHORT,1471,0.0,0.3,-0.0027129988,1.0
2016-02-05 00:00:00+00,SHORT,1615,0.0,0.0,-0.0030913812,1.0
2016-02-05 00:00:00+00,SHORT,3994,0.0,0.22,0.0063695465,1.0
2016-02-18 00:00:00+00,SHORT,1694,0.0,-0.23,-0.004783454,1.0
2016-02-18 00:00:00+00,SHORT,4062,1.0,0.05,0.0022161552,1.0
2016-02-26 00:00:00+00,SHORT,3293,0.0,-0.12,0.012085633,1.0
2016-03-14 00:00:00+00,SHORT,2071,1.0,-0.53,0.0051975106,1.0
2016-03-17 00:00:00+00,SHORT,1483,0.0,0.06,0.01723681,1.0
2016-03-18 00:00:00+00,SHORT,88,0.0,-0.25,-3.8557092E-4,1.0
2016-03-18 00:00:00+00,SHORT,2815,0.0,-0.14,0.0035966127,1.0
2016-03-18 00:00:00+00,SHORT,1483,0.0,0.06,4.8136295E-4,1.0
2016-03-21 00:00:00+00,SHORT,2072,0.25994340555857426,-0.1689,0.0017386088,1.0
2016-03-21 00:00:00+00,SHORT,3907,0.0,0.01,0.0025368938,1.0
2016-03-31 00:00:00+00,SHORT,900,0.5796333177440903,-0.16,9.0107886E-4,1.0
2016-04-04 00:00:00+00,SHORT,4073,0.6606377715833802,0.17,-1.368788E-4,1.0
2016-04-07 00:00:00+00,SHORT,834,0.0,-0.06,-0.0039275927,1.0
2016-04-13 00:00:00+00,SHORT,3283,0.0,0.2,0.017863031,1.0
2016-04-14 00:00:00+00,SHORT,374,0.384552275121459,-0.037,-0.0044043325,1.0
2016-04-19 00:00:00+00,SHORT,2543,0.6238523392272033,0.04,-0.0014908916,1.0
2016-04-27 00:00:00+00,SHORT,858,1.0,-0.1,0.0026673616,1.0
2016-05-02 00:00:00+00,SHORT,2365,0.5205061806645445,0.13,-6.544039E-4,1.0
2016-05-25 00:00:00+00,SHORT,578,0.5150018513597232,0.02,-8.588371E-4,1.0
2016-05-26 00:00:00+00,SHORT,457,0.9375,0.5661,-0.0041031507,1.0
2016-06-01 00:00:00+00,SHORT,28,0.0,-0.15,-0.0016715038,1.0
2016-06-01 00:00:00+00,SHORT,1678,0.5396382393548698,-0.0105,-0.0044952813,1.0
2016-06-02 00:00:00+00,SHORT,817,0.0,-0.26,0.017681336,1.0
2016-06-07 00:00:00+00,SHORT,3855,0.2869263247971767,-0.11,0.0010841587,1.0
2016-06-08 00:00:00+00,SHORT,2569,0.6829643498467447,0.14,-0.0042590275,1.0
2016-06-08 00:00:00+00,SHORT,897,1.0,-0.12,0.014575994,1.0
2016-06-08 00:00:00+00,SHORT,1262,0.4917927097464317,0.29,0.0046581915,1.0
2016-06-08 00:00:00+00,SHORT,3851,0.3667468575288868,-0.08,2.9228875E-4,1.0
2016-06-09 00:00:00+00,SHORT,245,0.12317038141120562,-0.17,3.2105552E-5,1.0
2016-06-09 00:00:00+00,SHORT,417,0.6174958023801359,0.0,-0.0047070584,1.0
2016-06-09 00:00:00+00,SHORT,555,0.3599793403713769,0.09,-0.0034854612,1.0
2016-06-09 00:00:00+00,SHORT,604,1.0,0.16,-0.0048176553,1.0
2016-06-09 00:00:00+00,SHORT,1262,0.4862398006024045,0.29,-0.0039329175,1.0
2016-06-10 00:00:00+00,SHORT,4113,0.0,-0.15,-0.0015665293,1.0
2016-06-10 00:00:00+00,SHORT,245,0.2128137582090548,-0.17,-0.0042218375,1.0
2016-06-21 00:00:00+00,SHORT,3067,0.2608759043632995,0.14,-0.003800326,1.0
2016-07-25 00:00:00+00,SHORT,858,0.8,-0.1,-0.001981437,1.0
2016-07-27 00:00:00+00,SHORT,2770,0.4233459738991612,-0.56,-0.003332848,1.0
2016-08-04 00:00:00+00,SHORT,4074,0.4823452071208042,0.41,-0.004238579,1.0
2016-08-30 00:00:00+00,SHORT,3683,0.4669276947545055,-0.14,8.068968E-5,1.0
2016-08-31 00:00:00+00,SHORT,2270,0.25705761413745665,0.02,-0.0024974588,1.0
2016-08-31 00:00:00+00,SHORT,1454,0.0,-0.16,-8.6920144E-4,1.0
2016-09-01 00:00:00+00,SHORT,1454,0.14053188776505718,-0.16,-0.0044814493,1.0
2016-09-02 00:00:00+00,SHORT,2930,0.6572270758178733,-0.09,-0.0016885144,1.0
2016-09-02 00:00:00+00,SHORT,3153,0.6763207923648498,0.15,-0.0037975814,1.0
2016-09-06 00:00:00+00,SHORT,1205,0.45079045437155124,-0.08,-0.0035762144,1.0
2016-09-06 00:00:00+00,SHORT,1286,0.6763099226641645,-0.15,0.0013899492,1.0
2016-09-07 00:00:00+00,SHORT,988,1.0,0.03,-0.0048589646,1.0
2016-09-08 00:00:00+00,SHORT,631,0.29947598760714234,0.07,7.308971E-4,1.0
2016-09-08 00:00:00+00,SHORT,2686,0.7088234043790476,-0.2,-0.0027410465,1.0
2016-09-08 00:00:00+00,SHORT,844,0.451013205144622,0.0224,0.0012447186,1.0
2016-09-08 00:00:00+00,SHORT,3161,0.0,0.16,6.7238005E-5,1.0
2016-09-22 00:00:00+00,SHORT,1360,1.0,-0.09,0.008316999,1.0
2016-10-24 00:00:00+00,SHORT,2554,1.0,-0.168,-0.0039307647,1.0
2016-10-24 00:00:00+00,SHORT,3133,0.5550385067926317,-0.03,0.01607201,1.0
2016-10-25 00:00:00+00,SHORT,2497,0.5629316277366067,0.08,0.0016893211,1.0
2016-10-26 00:00:00+00,SHORT,1160,0.0,-0.07,-0.0024646127,1.0
2016-11-09 00:00:00+00,SHORT,2213,0.6147368401279868,0.2786,-0.0034700537,1.0
2016-12-09 00:00:00+00,SHORT,200,0.33148610000572065,0.42,0.0029200849,1.0
2016-12-09 00:00:00+00,SHORT,3860,0.8287234865218789,0.25,0.01738805,1.0
2016-12-13 00:00:00+00,SHORT,3470,0.43730208465914605,0.54,-0.0042134514,1.0
2016-12-19 00:00:00+00,SHORT,2159,0.5781052357191785,0.3153,-0.004818272,1.0
2017-01-05 00:00:00+00,SHORT,3855,0.1990553567641891,0.32,0.0055288663,1.0
2017-01-06 00:00:00+00,SHORT,2747,0.44137238857630257,-0.0256,-0.0016586022,1.0
2017-01-09 00:00:00+00,SHORT,2661,0.331922042028025,-0.44,-0.0046200226,1.0
2017-01-12 00:00:00+00,SHORT,3641,0.06265537799886577,-0.15,1.1210557E-4,1.0
2017-01-13 00:00:00+00,SHORT,3641,0.04778025380190185,-0.15,-0.0043758997,1.0
2017-01-25 00:00:00+00,SHORT,2518,0.3115673846892096,0.09,-0.002270218,1.0
2017-01-26 00:00:00+00,SHORT,2425,0.34128502353093637,0.11,0.006338752,1.0
2017-01-26 00:00:00+00,SHORT,1748,0.6561718977749276,0.3,0.003682313,1.0
2017-01-26 00:00:00+00,SHORT,3815,0.5694825989266512,0.0,-0.0019926352,1.0
2017-01-26 00:00:00+00,SHORT,2004,0.7049334721710226,0.18,0.010426412,1.0
2017-01-27 00:00:00+00,SHORT,2425,0.27082772839438674,0.11,-0.0046136896,1.0
2017-01-27 00:00:00+00,SHORT,1381,0.0,0.04,0.0011392796,1.0
2017-01-30 00:00:00+00,SHORT,4171,0.12023017018785659,-0.57,0.013084609,1.0
2017-02-16 00:00:00+00,SHORT,838,1.0,-0.25,-0.004558654,1.0
2017-02-16 00:00:00+00,SHORT,1799,0.3444994005679558,0.07,-0.0040285066,1.0
2017-02-16 00:00:00+00,SHORT,3882,0.1992015303204552,0.07,0.0016123927,1.0
2017-02-22 00:00:00+00,SHORT,960,0.3148172410639338,0.02,-0.0033759116,1.0
2017-03-16 00:00:00+00,SHORT,4231,0.0,-0.19,-9.624632E-5,1.0
2017-03-17 00:00:00+00,SHORT,2120,0.8,-0.08,-0.0033335756,1.0
2017-03-17 00:00:00+00,SHORT,735,0.9411764705882353,-0.15,-0.0011639508,1.0
2017-03-17 00:00:00+00,SHORT,1652,0.8888888888888888,0.3521,0.0038988795,1.0
2017-04-12 00:00:00+00,SHORT,2619,0.4989098697940252,-0.07,-0.0036449071,1.0
2017-04-19 00:00:00+00,SHORT,2018,0.3683639973990439,-0.04,-0.0025075988,1.0
2017-04-20 00:00:00+00,SHORT,3198,0.41951029600000705,-0.26,-0.0015663502,1.0
2017-04-26 00:00:00+00,SHORT,2297,0.0,0.42,-0.0048216856,1.0
2017-04-27 00:00:00+00,SHORT,759,0.08506323992307951,-0.19,0.0036647292,1.0
2017-04-27 00:00:00+00,SHORT,1072,0.0,-0.15,-0.0045422064,1.0
2017-04-27 00:00:00+00,SHORT,1879,0.27297867273927984,0.01,-0.0026586433,1.0
2017-05-11 00:00:00+00,SHORT,901,0.3702321016831287,-0.22,0.013163161,1.0
2017-05-11 00:00:00+00,SHORT,984,0.4505214741605042,0.2,-0.0029710745,1.0
2017-05-12 00:00:00+00,SHORT,901,0.32900242467822133,-0.22,3.385911E-4,1.0
2017-06-02 00:00:00+00,SHORT,631,0.1041556488090067,0.19,0.005883906,1.0
2017-06-05 00:00:00+00,SHORT,39,0.2728691610373453,0.09,-6.4811326E-4,1.0
2017-06-09 00:00:00+00,SHORT,2381,0.0,0.03,-0.0037071996,1.0
2017-06-12 00:00:00+00,SHORT,2513,0.0,-0.03,0.0027632539,1.0
2017-06-12 00:00:00+00,SHORT,1404,0.0,-0.37,0.0013381947,1.0
2017-06-12 00:00:00+00,SHORT,1434,0.30072661899609787,0.01,0.003291756,1.0
2017-06-13 00:00:00+00,SHORT,3286,0.40169280659724954,0.27,-0.0031706782,1.0
2017-06-13 00:00:00+00,SHORT,3716,0.9090909090909091,0.17,-0.0011273703,1.0
2017-06-15 00:00:00+00,SHORT,517,0.08139979475151421,-0.01,0.004497633,1.0
2017-07-05 00:00:00+00,SHORT,1731,0.8263469604673862,-0.35,-0.004820897,1.0
2017-07-20 00:00:00+00,SHORT,3847,0.0,-0.04,-0.0014171922,1.0
2017-07-24 00:00:00+00,SHORT,15,0.11436528253189443,0.14,-0.0038672073,1.0
2017-07-26 00:00:00+00,SHORT,1081,0.5325364019209042,0.1,-0.0025814455,1.0
2017-07-27 00:00:00+00,SHORT,88,0.0,0.41,0.003338191,1.0
2017-08-02 00:00:00+00,SHORT,3187,0.31670695612154154,0.15,-0.0033195883,1.0
2017-08-08 00:00:00+00,SHORT,2550,0.1746459792382624,0.3,1.5481304E-4,1.0
2017-08-08 00:00:00+00,SHORT,1615,0.0,0.54,0.0028145178,1.0
2017-09-12 00:00:00+00,SHORT,4218,0.4138669431374101,0.19,-0.0031536643,1.0
2017-09-12 00:00:00+00,SHORT,898,0.6597478829093395,-0.06,3.3276784E-4,1.0
2017-09-12 00:00:00+00,SHORT,3531,0.5176881357681118,0.044,-0.0042957296,1.0
2017-09-13 00:00:00+00,SHORT,4218,0.44309614348163934,0.19,-0.0048707593,1.0
2017-09-13 00:00:00+00,SHORT,234,0.19407476816934943,-0.02,6.039492E-4,1.0
2017-09-13 00:00:00+00,SHORT,4070,0.33828802858530993,-0.45,-0.0010654356,1.0
2017-10-12 00:00:00+00,SHORT,1288,0.6485601822522493,-0.11,-0.0017899877,1.0
2017-10-16 00:00:00+00,SHORT,3538,0.4782115507341772,-0.19,-0.0044817454,1.0
2017-10-17 00:00:00+00,SHORT,1853,0.287731487948751,0.04,-0.0023410893,1.0
2017-10-23 00:00:00+00,SHORT,3640,0.0,0.18,-0.0015702192,1.0
2017-10-24 00:00:00+00,SHORT,3640,0.0,0.18,-0.0042197574,1.0
2017-10-27 00:00:00+00,SHORT,4079,1.0,0.07,-2.2604373E-4,1.0
2017-11-01 00:00:00+00,SHORT,3271,0.0,0.01,-0.0032829288,1.0
2017-11-07 00:00:00+00,SHORT,2055,0.0,0.11,0.00825431,1.0
2017-11-07 00:00:00+00,SHORT,243,0.6053396221403098,-0.18,0.0034422912,1.0
2017-11-07 00:00:00+00,SHORT,1770,0.5932842882048244,0.55,-0.0021697262,1.0
2017-12-01 00:00:00+00,SHORT,1011,0.0,0.33,-0.0035047582,1.0
2017-12-14 00:00:00+00,SHORT,780,0.378374738735961,-0.02,-0.002543016,1.0
2017-12-14 00:00:00+00,SHORT,3822,0.16351633947488045,-0.15,-0.0037507256,1.0
2018-01-04 00:00:00+00,SHORT,3895,0.9336430814930297,0.0,0.014446193,1.0
2018-01-05 00:00:00+00,SHORT,3153,0.4969961511984273,0.3,-0.0018293542,1.0
2018-01-09 00:00:00+00,SHORT,1090,0.8114110301942788,-0.1,-0.004818433,1.0
2018-01-09 00:00:00+00,SHORT,1191,0.0,0.04,-0.004861082,1.0
2018-01-12 00:00:00+00,SHORT,2740,0.0,0.03,-0.004041597,1.0
2018-01-17 00:00:00+00,SHORT,3137,0.6517125096316179,0.6,0.00423318,1.0
2018-01-22 00:00:00+00,SHORT,914,0.0,-0.02,4.540518E-4,1.0
2018-01-24 00:00:00+00,SHORT,2370,0.6251066353047044,0.41,0.0040217414,1.0
2018-01-24 00:00:00+00,SHORT,857,0.3254621242470779,-0.34,-0.001053495,1.0
2018-01-24 00:00:00+00,SHORT,1838,0.0,0.04,-0.0033004722,1.0
2018-01-25 00:00:00+00,SHORT,88,1.0,-0.23,0.0032781062,1.0
2018-01-26 00:00:00+00,SHORT,1308,0.8556973943423372,0.1,-0.001885627,1.0
2018-01-29 00:00:00+00,SHORT,2071,1.0,0.51,-0.0029348868,1.0
2018-01-29 00:00:00+00,SHORT,2479,0.24773615109384312,-0.32,-0.0021683953,1.0
2018-01-30 00:00:00+00,SHORT,2421,0.0,-0.41,4.184435E-4,1.0
2018-01-31 00:00:00+00,SHORT,1139,0.5891120659247562,0.56,-0.0039140726,1.0
2018-02-01 00:00:00+00,SHORT,3287,0.6923076923076923,0.0,-0.0036555252,1.0
2018-02-01 00:00:00+00,SHORT,3681,0.47212031087316897,0.02,-0.004216921,1.0
2018-02-16 00:00:00+00,SHORT,578,0.0,-0.35,-0.0031499027,1.0
2018-03-13 00:00:00+00,SHORT,374,1.0,0.008,0.0040386906,1.0
2018-03-13 00:00:00+00,SHORT,2898,0.0,0.39,-0.0042540873,1.0
2018-03-13 00:00:00+00,SHORT,3355,0.41853017563575085,-0.07,7.391598E-4,1.0
2018-03-13 00:00:00+00,SHORT,3824,1.0,0.32,-0.0042614327,1.0
2018-03-14 00:00:00+00,SHORT,374,0.7984790697019724,0.008,-0.003959522,1.0
2018-03-15 00:00:00+00,SHORT,3133,0.5146746701823698,0.09,-9.438834E-4,1.0
2018-04-18 00:00:00+00,SHORT,2640,0.14043729519810647,0.21,0.0017880144,1.0
2018-04-19 00:00:00+00,SHORT,4172,0.18858241697363134,-0.31,-0.00408801,1.0
2018-04-19 00:00:00+00,SHORT,838,0.1125508779507177,-0.15,0.0034385875,1.0
2018-04-19 00:00:00+00,SHORT,3236,0.0,0.0311,0.0010936899,1.0
2018-04-19 00:00:00+00,SHORT,1615,0.5046648425124267,-0.27,-0.0023504985,1.0
2018-04-26 00:00:00+00,SHORT,3471,0.5065586305856712,-0.55,0.0019037101,1.0
2018-04-30 00:00:00+00,SHORT,1011,0.9,0.09,-0.0030914932,1.0
2018-05-07 00:00:00+00,SHORT,1916,0.0,0.26,0.00148951,1.0
2018-05-11 00:00:00+00,SHORT,2090,0.43630984522571253,0.5,-0.002428704,1.0
2018-05-15 00:00:00+00,SHORT,1184,1.0,0.23,-8.894513E-4,1.0
2018-05-18 00:00:00+00,SHORT,3466,0.7038110352692712,-0.23,0.0015790252,1.0
2018-06-04 00:00:00+00,SHORT,1985,1.0,-0.57,8.7604945E-4,1.0
2018-06-05 00:00:00+00,SHORT,1734,0.23460117186791055,0.07,-0.0039167325,1.0
2018-06-08 00:00:00+00,SHORT,2391,1.0,0.13,0.004634226,1.0
2018-06-12 00:00:00+00,SHORT,200,0.2963917414179652,-0.56,4.7466554E-5,1.0
2018-06-13 00:00:00+00,SHORT,4194,0.7375296307335047,0.02,-0.0030281127,1.0
2018-06-15 00:00:00+00,SHORT,3161,0.8324851701541655,0.1,0.005768384,1.0
2018-06-15 00:00:00+00,SHORT,3837,0.0,-0.21,0.008290338,1.0
2018-06-15 00:00:00+00,SHORT,4072,0.9090909090909091,-0.01,-0.0020608855,1.0
2018-07-17 00:00:00+00,SHORT,4249,1.0,-0.22,0.0063254014,1.0
2018-07-25 00:00:00+00,SHORT,335,0.5517688479343963,0.25,0.007850619,1.0
2018-07-26 00:00:00+00,SHORT,984,0.8178010120534065,0.28,-0.0031839625,1.0
2018-07-26 00:00:00+00,SHORT,1356,1.0,0.17,-8.6798205E-4,1.0
2018-07-27 00:00:00+00,SHORT,3693,0.6737434041829987,-0.42,-0.0031665096,1.0
2018-07-30 00:00:00+00,SHORT,323,0.7445041533310831,-0.0906,0.013260257,1.0
2018-07-31 00:00:00+00,SHORT,3613,0.5862821257601812,-0.33,-0.0035780284,1.0
2018-08-01 00:00:00+00,SHORT,85,0.36516295686468364,-0.0467,-0.004364021,1.0
2018-08-01 00:00:00+00,SHORT,3098,0.15395781002419495,0.07,-0.004099384,1.0
2018-08-16 00:00:00+00,SHORT,765,0.0,-0.41,0.00949331,1.0
2018-08-20 00:00:00+00,SHORT,3100,1.0,0.35,-0.004641303,1.0
2018-08-22 00:00:00+00,SHORT,3704,0.4824515882218382,0.16,-0.003237405,1.0
2018-08-28 00:00:00+00,SHORT,1710,0.0,0.3,-0.0037554703,1.0
2018-08-30 00:00:00+00,SHORT,4219,0.9285714285714286,0.54,0.008548133,1.0
2018-08-30 00:00:00+00,SHORT,3161,0.0,0.13,-0.0014478397,1.0
2018-09-18 00:00:00+00,SHORT,2137,0.0,-0.26,-0.0044891126,1.0
2018-09-19 00:00:00+00,SHORT,1463,0.8294400983091741,-0.22,-0.0014101228,1.0
2018-09-21 00:00:00+00,SHORT,395,0.5241511303738753,0.26,-0.0043602763,1.0
2018-09-21 00:00:00+00,SHORT,2936,1.0,0.24,-0.0028153781,1.0
2018-09-21 00:00:00+00,SHORT,3330,0.8888888888888888,-0.0277,0.0033206074,1.0
2018-09-21 00:00:00+00,SHORT,3473,0.697563617488706,-0.13,-0.0048957593,1.0
2018-09-21 00:00:00+00,SHORT,3607,0.8888888888888888,0.1,-0.0031718456,1.0
2018-09-21 00:00:00+00,SHORT,3640,1.0,-0.04,-0.0029930342,1.0
2018-10-01 00:00:00+00,SHORT,3973,1.0,-0.36,-0.0042424044,1.0
2018-10-03 00:00:00+00,SHORT,73,1.0,-0.07,-0.0036148366,1.0
2018-11-05 00:00:00+00,SHORT,2066,0.43052856756532387,0.44,-0.0011636117,1.0
2018-11-07 00:00:00+00,SHORT,93,0.36339288017880844,0.22,-0.0044869604,1.0
2018-11-08 00:00:00+00,SHORT,900,0.9285714285714286,0.3242,-0.0040955213,1.0
2018-11-08 00:00:00+00,SHORT,1004,0.7857165316794118,0.05,-0.0029350845,1.0
2018-11-08 00:00:00+00,SHORT,3683,0.6456002468962843,0.56,0.006571362,1.0
2018-11-09 00:00:00+00,SHORT,1334,0.0,0.12,0.012165909,1.0
2018-11-19 00:00:00+00,SHORT,629,0.0,-0.18,-0.0034868985,1.0
2018-12-03 00:00:00+00,SHORT,2327,0.4995256738025097,0.35,0.0016321341,1.0
2018-12-03 00:00:00+00,SHORT,386,1.0,-0.1,-0.00195576,1.0
2018-12-03 00:00:00+00,SHORT,1092,1.0,0.31,-0.003607039,1.0
2018-12-07 00:00:00+00,SHORT,2129,0.3739388474593082,-0.24,-0.0026484802,1.0
2018-12-07 00:00:00+00,SHORT,212,0.2987245999061868,0.37,-0.004224144,1.0
2018-12-13 00:00:00+00,SHORT,2686,0.2133206986593288,0.18,0.0026461065,1.0
2018-12-14 00:00:00+00,SHORT,2137,0.7076590500247713,-0.14,-0.004314938,1.0
2018-12-14 00:00:00+00,SHORT,773,1.0,-0.16,-0.003186353,1.0
2018-12-14 00:00:00+00,SHORT,808,0.9411764705882353,-0.01,-0.0042156717,1.0
2019-01-09 00:00:00+00,SHORT,753,0.39245340675326523,-0.37,-0.004633495,1.0
2019-02-13 00:00:00+00,SHORT,2323,0.0,-0.12,-0.003013245,1.0
2019-02-25 00:00:00+00,SHORT,2619,0.21630605852167092,0.0,-2.644723E-5,1.0
2019-02-25 00:00:00+00,SHORT,643,0.4070193109469194,0.24,0.021017442,1.0
2019-02-27 00:00:00+00,SHORT,1828,0.46487328937195954,-0.12,-0.0045606443,1.0
2019-02-28 00:00:00+00,SHORT,2910,0.31606944760728367,-0.03,-4.0068346E-4,1.0
2019-03-04 00:00:00+00,SHORT,2541,0.0,0.02,-1.9911378E-5,1.0
2019-03-05 00:00:00+00,SHORT,220,0.8,-0.03,3.732974E-4,1.0
2019-03-05 00:00:00+00,SHORT,3648,0.65754125071918,0.1182,-0.001727669,1.0
2019-03-12 00:00:00+00,SHORT,2106,0.0,-0.21,-0.0040609925,1.0
2019-03-19 00:00:00+00,SHORT,2536,0.0,-0.09,0.0032135576,1.0
2019-03-19 00:00:00+00,SHORT,2659,0.3653995042891288,-0.18,-0.001763261,1.0
2019-03-21 00:00:00+00,SHORT,1303,0.4514503942709441,-0.3,-0.0011418678,1.0
2019-03-26 00:00:00+00,SHORT,2125,0.5848190236667571,0.12,-0.0034861134,1.0
2019-04-01 00:00:00+00,SHORT,1817,0.3924787322117273,-0.05,-7.7722565E-4,1.0
2019-04-02 00:00:00+00,SHORT,1817,0.3729457977059193,-0.05,-0.0034661195,1.0
2019-04-05 00:00:00+00,SHORT,1453,0.5649174002330071,0.41,0.0011571719,1.0
2019-04-08 00:00:00+00,SHORT,1631,0.2524900568461413,-0.33,-0.0045754486,1.0
2019-04-18 00:00:00+00,SHORT,2670,0.8571428571428572,-0.2721,-0.0019506082,1.0
2019-04-23 00:00:00+00,SHORT,3831,0.7877128068107845,-0.45,-0.0031620036,1.0
2019-04-24 00:00:00+00,SHORT,2930,1.0,0.1,-0.004757383,1.0
2019-04-30 00:00:00+00,SHORT,3704,0.2895416774802927,0.02,-0.0016805022,1.0
2019-04-30 00:00:00+00,SHORT,1927,0.626796741010767,-0.1,-0.0039576483,1.0
2019-05-13 00:00:00+00,SHORT,3648,0.8333333333333334,0.1182,4.350499E-4,1.0
2019-05-21 00:00:00+00,SHORT,3763,0.4044278257893298,0.12,-7.22509E-4,1.0
2019-05-22 00:00:00+00,SHORT,638,0.0,-0.18,0.002095091,1.0
2019-06-05 00:00:00+00,SHORT,2125,0.0,0.11,-0.0020283693,1.0
2019-06-05 00:00:00+00,SHORT,221,0.5594202276796383,-0.33,-0.0034731042,1.0
2019-06-10 00:00:00+00,SHORT,2497,0.4329292752228072,-0.02,0.0026711912,1.0
2019-06-18 00:00:00+00,SHORT,1514,0.3891397564451676,-0.04,-9.200433E-4,1.0
2019-06-19 00:00:00+00,SHORT,1270,0.0,0.02,-0.003537632,1.0
2019-07-01 00:00:00+00,SHORT,194,0.5229572494848923,-0.35,-0.0014371474,1.0
2019-07-01 00:00:00+00,SHORT,3743,0.0,-0.2,9.1667625E-4,1.0
2019-07-02 00:00:00+00,SHORT,2567,0.0,0.6,-0.002758139,1.0
2019-07-11 00:00:00+00,SHORT,220,1.0,0.02,-0.0021940556,1.0
2019-07-11 00:00:00+00,SHORT,796,0.5446793806799315,0.0777,5.546415E-4,1.0
2019-07-15 00:00:00+00,SHORT,1377,0.8681227871872406,0.13,-0.0017521456,1.0
2019-07-17 00:00:00+00,SHORT,4150,0.20670744263817528,-0.14,2.5238498E-4,1.0
2019-07-17 00:00:00+00,SHORT,903,0.4335135811222292,-0.14,4.7418426E-4,1.0
2019-07-19 00:00:00+00,SHORT,356,0.0,0.0,-0.0012146776,1.0
2019-07-25 00:00:00+00,SHORT,68,0.5137144850252006,0.25,-8.364712E-4,1.0
2019-07-25 00:00:00+00,SHORT,845,0.9285714285714286,-0.08,-0.002637323,1.0
2019-07-25 00:00:00+00,SHORT,3359,1.0,-0.07,-0.0029252174,1.0
2019-07-25 00:00:00+00,SHORT,3629,0.95,0.55,-9.955463E-4,1.0
2019-07-25 00:00:00+00,SHORT,2042,0.5089813679265393,-0.09,0.0017357172,1.0
2019-07-26 00:00:00+00,SHORT,3293,0.35307482435806015,0.25,-0.0039114086,1.0
2019-08-01 00:00:00+00,SHORT,2568,0.0,0.1952,-0.004627289,1.0
2019-08-08 00:00:00+00,SHORT,2159,0.0,0.24,0.0022554293,1.0
2019-09-12 00:00:00+00,SHORT,2534,0.5512934131733805,-0.01,-0.0033783736,1.0
2019-09-12 00:00:00+00,SHORT,959,1.0,0.1,-0.004330201,1.0
2019-09-12 00:00:00+00,SHORT,1423,0.3145707508404989,-0.18,-0.0018606357,1.0
2019-09-12 00:00:00+00,SHORT,3686,0.38560428014680126,0.41,0.0027257835,1.0
2019-09-12 00:00:00+00,SHORT,3822,0.0,-0.14,0.006819891,1.0
2019-09-13 00:00:00+00,SHORT,1306,0.3970633214452405,0.27,7.322721E-4,1.0
2019-09-13 00:00:00+00,SHORT,1650,0.17541250160435579,-0.14,-9.3971955E-4,1.0
2019-09-13 00:00:00+00,SHORT,4061,0.6122644722867978,-0.39,-0.004513611,1.0
2019-09-16 00:00:00+00,SHORT,457,0.0,-0.0181,-0.002856636,1.0
2019-09-17 00:00:00+00,SHORT,2440,0.36714955604453753,0.53,-0.0047004004,1.0
2019-09-17 00:00:00+00,SHORT,394,0.7273382498030373,0.18,0.001218372,1.0
2019-09-20 00:00:00+00,SHORT,2253,0.10848766443697735,0.6,-0.0048716334,1.0
2019-10-11 00:00:00+00,SHORT,450,0.5533085555494286,0.12,-0.0027571847,1.0
2019-10-14 00:00:00+00,SHORT,450,0.4983598806620971,0.12,-0.0029465007,1.0
2019-10-16 00:00:00+00,SHORT,450,0.3360419427765864,0.12,-0.0033193438,1.0
2019-10-17 00:00:00+00,SHORT,450,0.3731056840228899,0.12,-0.004413362,1.0
2019-10-21 00:00:00+00,SHORT,710,0.6458869354458858,0.14,-0.0033344394,1.0
2019-10-23 00:00:00+00,SHORT,1495,0.3363606983033334,-0.01,-0.003545736,1.0
2019-10-25 00:00:00+00,SHORT,1423,0.5396624822047239,0.15,-0.0046342923,1.0
2019-10-25 00:00:00+00,SHORT,1807,0.5805104098784575,0.2476,0.0034371347,1.0
2019-10-31 00:00:00+00,SHORT,1299,0.7622696878585552,0.46,-0.0018382175,1.0
2019-11-05 00:00:00+00,SHORT,3233,1.0,-0.12,0.012399427,1.0
2019-11-05 00:00:00+00,SHORT,3815,0.23475245354165805,-0.26,0.0060326024,1.0
2019-11-07 00:00:00+00,SHORT,1832,0.0,0.08,0.011447529,1.0
2019-11-18 00:00:00+00,SHORT,2925,0.28603965253183333,0.22,-0.0038289283,1.0
2019-11-18 00:00:00+00,SHORT,956,0.5592354736759672,0.04,0.0011576056,1.0
2019-11-21 00:00:00+00,SHORT,2405,0.3370146380465805,-0.04,0.00967395,1.0
2019-11-27 00:00:00+00,SHORT,443,0.0,0.11,0.0037385207,1.0
2019-12-04 00:00:00+00,SHORT,88,0.2512923058245156,0.23,-0.0042464337,1.0
2019-12-20 00:00:00+00,SHORT,1651,0.5856648713817237,-0.19,-5.1191024E-4,1.0
2019-12-23 00:00:00+00,SHORT,444,0.0,0.2,4.539193E-5,1.0
2019-12-23 00:00:00+00,SHORT,3378,0.6639402173990917,-0.37,-0.0021266385,1.0
2020-01-10 00:00:00+00,SHORT,610,0.8333333333333334,0.08,-0.0028835956,1.0
2020-01-13 00:00:00+00,SHORT,3521,0.48620793982645943,0.45,-0.0030406567,1.0
2020-01-14 00:00:00+00,SHORT,3357,0.7034693089888284,-0.26,0.0034292573,1.0
2020-01-14 00:00:00+00,SHORT,1537,0.7913424703988426,0.4,-0.0028379988,1.0
2020-01-16 00:00:00+00,SHORT,4016,0.9375,0.0857,-0.002124617,1.0
2020-01-17 00:00:00+00,SHORT,248,0.7857142857142857,0.11,-0.0045783455,1.0
2020-01-17 00:00:00+00,SHORT,1260,1.0,0.22,-0.0037239878,1.0
2020-01-21 00:00:00+00,SHORT,405,0.8571428571428572,0.39,-0.0046679755,1.0
2020-01-21 00:00:00+00,SHORT,3137,0.9166666666666666,-0.05,0.0033672124,1.0
2020-01-22 00:00:00+00,SHORT,4250,0.0,0.02,-0.0026928238,1.0
2020-01-22 00:00:00+00,SHORT,2659,0.7870201047863448,0.14,-0.0028174398,1.0
2020-01-22 00:00:00+00,SHORT,1514,1.0,-0.01,-0.0030931658,1.0
2020-01-23 00:00:00+00,SHORT,3433,0.9084615394743538,0.44,-0.0046476317,1.0
2020-01-24 00:00:00+00,SHORT,1330,0.0,0.46,-0.00444455,1.0
2020-01-24 00:00:00+00,SHORT,3882,1.0,0.0147,-0.003051523,1.0
2020-02-06 00:00:00+00,SHORT,2262,1.0,0.1,0.005947184,1.0
2020-02-07 00:00:00+00,SHORT,2262,0.9444444444444444,0.1,-0.0038049556,1.0
2020-02-11 00:00:00+00,SHORT,4164,1.0,0.16,-0.0043387576,1.0
2020-02-13 00:00:00+00,SHORT,2391,1.0,-0.2,-0.0027513248,1.0
2020-02-18 00:00:00+00,SHORT,1371,1.0,0.15,0.00586787,1.0
2020-02-20 00:00:00+00,SHORT,395,1.0,-0.06,-0.004549556,1.0
2020-02-24 00:00:00+00,SHORT,2778,1.0,0.05,-9.971205E-4,1.0
2020-02-25 00:00:00+00,SHORT,1888,1.0,0.0,0.0060554156,1.0
2020-04-23 00:00:00+00,SHORT,3502,0.0,-0.06,0.010064978,1.0
2020-04-30 00:00:00+00,SHORT,424,0.0,-0.49,0.004048587,1.0
2020-04-30 00:00:00+00,SHORT,1051,0.0,0.51,-6.1866606E-4,1.0
2020-04-30 00:00:00+00,SHORT,3473,0.0,0.44,0.012240613,1.0
2020-04-30 00:00:00+00,SHORT,1454,0.8333333333333334,0.03,-2.5177898E-4,1.0
2020-04-30 00:00:00+00,SHORT,3802,0.0,-0.26,0.003755311,1.0
2020-04-30 00:00:00+00,SHORT,3868,0.0,-0.17,0.0012688157,1.0
2020-04-30 00:00:00+00,SHORT,1838,0.0,0.39,-0.0015427745,1.0
2020-05-11 00:00:00+00,SHORT,323,1.0,-0.08,-0.0027793858,1.0
2020-05-11 00:00:00+00,SHORT,394,0.0,0.12,0.01084098,1.0
2020-05-12 00:00:00+00,SHORT,2541,0.4587758476620929,0.08,-0.0024482287,1.0
2020-05-20 00:00:00+00,SHORT,412,0.1498949533170808,0.56,-0.0018606433,1.0
2020-05-21 00:00:00+00,SHORT,1832,0.0,0.07,-8.012676E-4,1.0
2020-05-28 00:00:00+00,SHORT,2681,1.0,-0.01,0.005807801,1.0
2020-06-01 00:00:00+00,SHORT,663,1.0,-0.36,-0.0046980265,1.0
2020-06-08 00:00:00+00,SHORT,2116,1.0,-0.1326,-0.0020199972,1.0
2020-06-08 00:00:00+00,SHORT,2479,0.0,0.03,0.0037529662,1.0
2020-06-08 00:00:00+00,SHORT,843,0.39089015785499337,0.29,0.0055246577,1.0
2020-06-08 00:00:00+00,SHORT,1171,0.33070030728445976,0.3,0.011679031,1.0
2020-06-09 00:00:00+00,SHORT,843,0.33863467309778456,0.29,-0.004182327,1.0
2020-06-09 00:00:00+00,SHORT,874,1.0,0.4208,0.029486353,1.0
2020-06-09 00:00:00+00,SHORT,2930,0.5176452120160432,-0.02,0.012767661,1.0
2020-06-09 00:00:00+00,SHORT,1012,0.8333333333333334,-0.14,-0.0048743263,1.0
2020-06-10 00:00:00+00,SHORT,2751,0.0,0.15,-0.0016237666,1.0
2020-07-16 00:00:00+00,SHORT,1799,0.0,-0.31,0.0094331065,1.0
2020-07-22 00:00:00+00,SHORT,2569,0.0,-0.26,-0.0010768824,1.0
2020-07-22 00:00:00+00,SHORT,3613,0.7678821438541117,-0.5,-1.4352861E-4,1.0
2020-07-22 00:00:00+00,SHORT,1897,0.0,-0.3,-0.0030241343,1.0
2020-07-24 00:00:00+00,SHORT,984,0.0,-0.15,-0.0038923395,1.0
2020-08-05 00:00:00+00,SHORT,834,1.0,0.22,4.982702E-4,1.0
2020-08-07 00:00:00+00,SHORT,3053,0.15791086092655593,0.07,6.271655E-4,1.0
2020-08-12 00:00:00+00,SHORT,516,0.9,0.06,-0.0029156087,1.0
2020-08-12 00:00:00+00,SHORT,1434,0.7354774452274956,-0.27,-0.004100504,1.0
2020-08-12 00:00:00+00,SHORT,3621,0.0,-0.33,-0.0036765824,1.0
2020-08-28 00:00:00+00,SHORT,28,1.0,-0.49,0.020845473,1.0
2020-09-03 00:00:00+00,SHORT,3179,0.4893156457780709,-0.4,-0.0048484392,1.0
2020-09-15 00:00:00+00,SHORT,88,0.46306401188662966,-0.19,0.0026311618,1.0
2020-09-15 00:00:00+00,SHORT,3065,0.0,-0.32,-8.0423115E-4,1.0
2020-09-15 00:00:00+00,SHORT,1610,1.0,0.382,0.02084714,1.0
2020-09-16 00:00:00+00,SHORT,3982,0.6727615356924587,0.23,-5.320808E-4,1.0
2020-09-18 00:00:00+00,SHORT,2248,0.5672860074863072,-0.29,-0.0012156622,1.0
2020-09-18 00:00:00+00,SHORT,1377,0.0,0.45,-0.0022301816,1.0
2020-09-18 00:00:00+00,SHORT,3703,0.0,0.05,0.0076860464,1.0
2020-09-24 00:00:00+00,SHORT,2659,0.11248742134419412,0.09,0.0015892284,1.0
2020-10-09 00:00:00+00,SHORT,3702,0.48626200417773935,-0.11,-0.0030065964,1.0
2020-10-12 00:00:00+00,SHORT,2350,1.0,-0.34,-0.002996991,1.0
2020-10-13 00:00:00+00,SHORT,374,0.061692427151720554,0.029,-0.0031453222,1.0
2020-10-14 00:00:00+00,SHORT,429,0.0,-0.04,-9.544042E-4,1.0
2020-10-19 00:00:00+00,SHORT,2971,0.0,0.23,0.0028844662,1.0
2020-10-22 00:00:00+00,SHORT,2686,0.9230769230769231,-0.21,-0.004100698,1.0
2020-10-23 00:00:00+00,SHORT,2866,0.0,0.15,0.0031253188,1.0
2020-11-09 00:00:00+00,SHORT,3830,0.0,0.1,0.013208481,1.0
2020-11-11 00:00:00+00,SHORT,853,0.5848206792486665,-0.09,-0.002807651,1.0
2020-12-03 00:00:00+00,SHORT,1677,0.38601070458453096,0.6005,0.0031551179,1.0
2020-12-03 00:00:00+00,SHORT,1678,0.5831178758017337,0.6005,0.002711497,1.0
2020-12-17 00:00:00+00,SHORT,1191,0.0,0.12,6.055055E-4,1.0
2020-12-17 00:00:00+00,SHORT,3748,0.40878494938983323,0.092,0.0015656636,1.0
2020-12-18 00:00:00+00,SHORT,1699,0.0,-0.07,-0.0022015714,1.0
2020-12-24 00:00:00+00,SHORT,1396,0.0,-0.12,0.0044691064,1.0
2020-12-30 00:00:00+00,SHORT,354,0.5560922634502653,-0.0067,0.003476347,1.0
2021-01-07 00:00:00+00,SHORT,440,0.09781333132206421,0.3069,0.011979389,1.0
2021-01-07 00:00:00+00,SHORT,2619,1.0,0.57,0.005544794,1.0
2021-01-07 00:00:00+00,SHORT,3378,0.7424812500425472,0.14,7.290297E-5,1.0
2021-01-08 00:00:00+00,SHORT,2055,0.0,0.5,-0.002788658,1.0
2021-01-08 00:00:00+00,SHORT,440,0.0,0.3069,-0.0037488523,1.0
2021-01-08 00:00:00+00,SHORT,3947,0.43027302812726975,0.33,0.01621532,1.0
2021-01-20 00:00:00+00,SHORT,3521,0.7085611847286042,0.17,-0.0031428111,1.0
2021-02-10 00:00:00+00,SHORT,3825,0.0,-0.08,0.0028482953,1.0
2021-02-12 00:00:00+00,SHORT,1144,0.4638058336587703,-0.52,-0.0037959432,1.0
2021-03-08 00:00:00+00,SHORT,2690,0.8810907789926763,-0.31,5.6403736E-4,1.0
2021-03-17 00:00:00+00,SHORT,1552,0.3978430141599577,0.14,-0.004304054,1.0
2021-03-22 00:00:00+00,SHORT,2568,0.651721373952138,-0.1585,-2.7673616E-4,1.0
2021-03-22 00:00:00+00,SHORT,3487,0.5150418483096718,0.1078,8.254844E-5,1.0
2021-04-05 00:00:00+00,SHORT,3824,1.0,0.16,-0.0013969817,1.0
2021-04-14 00:00:00+00,SHORT,2740,0.0,-0.12,0.05157317,1.0
2021-04-21 00:00:00+00,SHORT,2137,0.7233961402491556,0.45,-2.293883E-4,1.0
2021-04-22 00:00:00+00,SHORT,773,0.7217896579901325,-0.18,-8.750426E-4,1.0
2021-04-27 00:00:00+00,SHORT,2120,1.0,-0.17,-0.0034741324,1.0
2021-04-27 00:00:00+00,SHORT,4234,1.0,-0.03,1.8325173E-4,1.0
2021-05-10 00:00:00+00,SHORT,838,0.4873347854121282,-0.33,-0.0043566893,1.0
2021-05-10 00:00:00+00,SHORT,1306,0.0,0.02,0.004147794,1.0
2021-05-25 00:00:00+00,SHORT,2013,0.0,0.55,0.001884865,1.0
2021-06-07 00:00:00+00,SHORT,2725,0.7575898720102988,0.14,-2.174838E-4,1.0
2021-06-11 00:00:00+00,SHORT,959,0.2183359448367955,0.01,-9.3850517E-4,1.0
2021-06-11 00:00:00+00,SHORT,1423,0.4024181451140481,-0.25,-0.0029120583,1.0
2021-06-16 00:00:00+00,SHORT,2925,0.3317609966047138,0.0,0.0013329152,1.0
2021-06-16 00:00:00+00,SHORT,3420,0.8,0.58,-0.004561309,1.0
2021-06-28 00:00:00+00,SHORT,559,0.0,0.05,0.0022005767,1.0
2021-07-01 00:00:00+00,SHORT,3378,0.1569368505887149,-0.04,-0.00338384,1.0
2021-07-07 00:00:00+00,SHORT,158,0.0,-0.35,-0.0035919822,1.0
2021-07-12 00:00:00+00,SHORT,4169,0.29868771430324725,0.47,0.0025813158,1.0
2021-07-28 00:00:00+00,SHORT,427,0.24381659454848653,-0.07,-0.0033975646,1.0
2021-07-28 00:00:00+00,SHORT,3885,0.0,-0.54,-0.004549484,1.0
2021-08-11 00:00:00+00,SHORT,1064,0.6223785932115893,-0.09,0.042322062,1.0
2021-08-11 00:00:00+00,SHORT,3556,0.0,0.25,0.0047184825,1.0
2021-08-12 00:00:00+00,SHORT,2226,0.5437457027204409,-0.06,0.0011699576,1.0
2021-08-12 00:00:00+00,SHORT,1064,0.460883818082856,-0.09,-0.0038366814,1.0
2021-08-30 00:00:00+00,SHORT,2905,1.0,-0.56,-0.0024835097,1.0
2021-08-31 00:00:00+00,SHORT,2884,0.9411764705882353,0.16,-0.002583769,1.0
2021-09-02 00:00:00+00,SHORT,1838,0.0,0.41,-4.7149093E-4,1.0
2021-09-13 00:00:00+00,SHORT,3355,0.45752826433389265,0.4,-0.0044402936,1.0
2021-09-14 00:00:00+00,SHORT,2979,0.5311165012400761,0.25,-0.0035869256,1.0
2021-09-14 00:00:00+00,SHORT,1523,0.0849775463112272,0.06,0.017234527,1.0
2021-09-15 00:00:00+00,SHORT,1523,0.0,0.06,-9.364558E-4,1.0
2021-09-17 00:00:00+00,SHORT,2132,0.0,0.55,0.0033357565,1.0
2021-09-24 00:00:00+00,SHORT,1865,0.0,-0.34,0.0039564413,1.0
2021-10-15 00:00:00+00,SHORT,3187,0.5253290688932905,-0.04,-0.004635697,1.0
2021-10-18 00:00:00+00,SHORT,3913,0.9166666666666666,0.39,-0.0011586681,1.0
2021-10-20 00:00:00+00,SHORT,3640,0.9090909090909091,-0.22,-0.004195277,1.0
2021-10-20 00:00:00+00,SHORT,1762,0.7804399705193977,0.04,-3.817249E-4,1.0
2021-10-22 00:00:00+00,SHORT,2554,1.0,-0.02,-0.0039554397,1.0
2021-10-25 00:00:00+00,SHORT,1700,0.9166666666666666,-0.2,-0.0048896917,1.0
2021-10-26 00:00:00+00,SHORT,3283,0.8,0.15,0.0075476607,1.0
2021-11-09 00:00:00+00,SHORT,1173,0.2828707810910622,-0.0889,-0.0031761958,1.0
2021-11-10 00:00:00+00,SHORT,1767,0.27636086286499223,0.05,0.0014453472,1.0
2021-11-12 00:00:00+00,SHORT,255,0.6395529482826424,0.4531,0.01952671,1.0
2021-11-16 00:00:00+00,SHORT,2437,0.5323328365271996,-0.33,-0.001781098,1.0
2021-11-16 00:00:00+00,SHORT,2469,1.0,-0.2,-0.002485616,1.0
2021-11-19 00:00:00+00,SHORT,1908,0.056965712930263944,0.0,-0.0010066645,1.0
2021-11-24 00:00:00+00,SHORT,4140,0.0774156049047434,0.16,-0.0027108714,1.0
2021-12-08 00:00:00+00,SHORT,3355,0.9,-0.4,0.0019427165,1.0
2022-01-05 00:00:00+00,SHORT,4062,1.0,0.34,0.0051276237,1.0
2022-01-06 00:00:00+00,SHORT,4062,0.16880291115654084,0.34,-0.00442473,1.0
2022-01-20 00:00:00+00,SHORT,2619,0.0,0.0,-0.0016676364,1.0
2022-02-09 00:00:00+00,SHORT,2431,0.35849641539426086,-0.117,-2.48153E-4,1.0
2022-02-10 00:00:00+00,SHORT,2920,1.0,0.24,0.005716607,1.0
2022-02-10 00:00:00+00,SHORT,3860,1.0,0.11,-0.0012070223,1.0
2022-02-17 00:00:00+00,SHORT,3913,0.0,0.31,0.030468341,1.0
2022-03-01 00:00:00+00,SHORT,1381,0.0,0.15,-0.0026374725,1.0
2022-03-03 00:00:00+00,SHORT,3273,0.0,-0.12,-0.0044279047,1.0
2022-03-07 00:00:00+00,SHORT,4122,0.0,0.01,0.0032877133,1.0
2022-03-07 00:00:00+00,SHORT,974,0.5384612920036671,-0.05,0.007919672,1.0
2022-03-30 00:00:00+00,SHORT,641,0.5989858430339364,0.35,-0.0045851744,1.0
2022-04-18 00:00:00+00,SHORT,335,0.437256251028057,0.09,-0.0036420801,1.0
2022-04-18 00:00:00+00,SHORT,1908,0.9166666666666666,0.03,-0.002917622,1.0
2022-04-20 00:00:00+00,SHORT,505,1.0,-0.47,0.0023760144,1.0
2022-04-20 00:00:00+00,SHORT,3640,1.0,-0.11,0.00573704,1.0
2022-04-21 00:00:00+00,SHORT,2221,0.3731189312982121,-0.52,-0.0026078268,1.0
2022-04-21 00:00:00+00,SHORT,857,0.5414345322564029,0.48,-0.004478036,1.0
2022-04-21 00:00:00+00,SHORT,3742,1.0,-0.11,-0.0039849584,1.0
2022-04-22 00:00:00+00,SHORT,708,0.0,-0.55,-8.853099E-4,1.0
2022-05-05 00:00:00+00,SHORT,397,0.4240004790073894,-0.17,-0.001865759,1.0
2022-05-10 00:00:00+00,SHORT,2099,1.0,0.01,-0.004294174,1.0
2022-05-31 00:00:00+00,SHORT,2176,0.7544907914483646,0.1888,-0.002464972,1.0
2022-05-31 00:00:00+00,SHORT,1667,1.0,0.09,-0.0036194513,1.0
2022-06-27 00:00:00+00,SHORT,3844,0.8333333333333334,0.09,-0.0013166588,1.0
2022-07-15 00:00:00+00,SHORT,3192,0.7898010490494864,-0.26,-0.0030367612,1.0
2022-07-20 00:00:00+00,SHORT,221,0.8888888888888888,0.37,0.0029928682,1.0
2022-07-21 00:00:00+00,SHORT,4234,0.0,0.05,5.672131E-4,1.0
2022-07-21 00:00:00+00,SHORT,2730,1.0,3.0E-4,0.014664362,1.0
2022-07-22 00:00:00+00,SHORT,2209,1.0,0.48,-0.0029501605,1.0
2022-07-22 00:00:00+00,SHORT,780,0.8728488470174942,-0.11,-7.529535E-4,1.0
2022-08-01 00:00:00+00,SHORT,684,0.5417445527891555,0.1,0.0023166025,1.0
2022-08-01 00:00:00+00,SHORT,3116,0.5213692016857631,0.43,0.0015989455,1.0
2022-08-02 00:00:00+00,SHORT,1888,1.0,0.09,-0.0011686699,1.0
2022-08-15 00:00:00+00,SHORT,4197,0.8947368421052632,-0.15,-9.5489837E-4,1.0
2022-08-26 00:00:00+00,SHORT,4219,0.5320920161978386,0.36,-0.004344404,1.0
2022-09-15 00:00:00+00,SHORT,1762,0.5418817410247813,0.1132,-0.004250072,1.0
2022-09-20 00:00:00+00,SHORT,4113,0.0,0.39,-0.0026863527,1.0
2022-10-19 00:00:00+00,SHORT,3378,0.0,-0.37,-6.208534E-4,1.0
2022-10-26 00:00:00+00,SHORT,4124,0.0,-0.12,0.011172236,1.0
2022-10-26 00:00:00+00,SHORT,64,0.0,-0.14,-0.004457293,1.0
2022-10-27 00:00:00+00,SHORT,773,1.0,-0.26,0.001110546,1.0
2022-10-31 00:00:00+00,SHORT,2079,1.0,0.08,-0.0016036861,1.0
2022-11-01 00:00:00+00,SHORT,1328,0.6091185149258844,0.01,-0.0035622683,1.0
2022-11-08 00:00:00+00,SHORT,262,0.5092780052575812,-0.21,-0.0038997594,1.0
2022-11-14 00:00:00+00,SHORT,559,0.0,-0.11,0.004625887,1.0
2022-11-14 00:00:00+00,SHORT,1699,0.0,-0.264,0.021320533,1.0
2022-12-01 00:00:00+00,SHORT,253,0.1888440992008435,-0.18,0.0040350934,1.0
2022-12-14 00:00:00+00,SHORT,4201,1.0,0.48,-0.0044609476,1.0
2022-12-14 00:00:00+00,SHORT,248,0.2600803510830615,0.16,-0.004612304,1.0
2022-12-14 00:00:00+00,SHORT,4050,0.0,-0.19,-0.0027436726,1.0
2022-12-14 00:00:00+00,SHORT,2028,0.8293228030506938,0.23,-0.0014206057,1.0
2023-01-09 00:00:00+00,SHORT,3742,0.6415368076819643,0.28,-0.0025478203,1.0
2023-01-09 00:00:00+00,SHORT,1828,0.7516450542827778,0.22,0.001348558,1.0
2023-01-10 00:00:00+00,SHORT,4124,1.0,-0.02,-0.0032554322,1.0
2023-01-19 00:00:00+00,SHORT,1908,0.613158213491303,-0.41,-5.340506E-4,1.0
2023-02-02 00:00:00+00,SHORT,1790,0.0,-0.5,2.170114E-4,1.0
2023-02-03 00:00:00+00,SHORT,3133,0.6619290236552452,0.1,7.949058E-4,1.0
2023-02-03 00:00:00+00,SHORT,1131,0.0,0.29,-0.0035387431,1.0
2023-02-03 00:00:00+00,SHORT,3695,0.4948849842698069,-0.38,0.008429555,1.0
2023-02-14 00:00:00+00,SHORT,1828,1.0,0.22,-0.0036090242,1.0
2023-02-16 00:00:00+00,SHORT,4250,1.0,-0.07,-0.0046765497,1.0
2023-02-16 00:00:00+00,SHORT,3174,0.09476597218336133,0.22,0.0090682395,1.0
2023-02-17 00:00:00+00,SHORT,4089,1.0,0.21,-2.2519889E-4,1.0
2023-03-03 00:00:00+00,SHORT,938,0.09637312131093845,0.07,0.018742623,1.0
2023-03-03 00:00:00+00,SHORT,1462,1.0,0.42,-0.00406443,1.0
2023-03-06 00:00:00+00,SHORT,335,0.47081788245268114,-0.13,-0.0047652093,1.0
2023-03-06 00:00:00+00,SHORT,2884,1.0,0.01,0.0014289381,1.0
2023-03-06 00:00:00+00,SHORT,4062,1.0,0.09,-0.0010843809,1.0
2023-03-07 00:00:00+00,SHORT,3004,0.8333333333333334,0.18,-0.004284522,1.0
2023-04-03 00:00:00+00,SHORT,3695,0.5469597452343111,-0.38,-0.0028496976,1.0
2023-04-14 00:00:00+00,SHORT,3142,0.27294998750749694,0.02,-0.0038226747,1.0
2023-04-17 00:00:00+00,SHORT,3032,0.0,0.01,-0.0013526718,1.0
2023-04-20 00:00:00+00,SHORT,3487,0.3947667707439228,-0.03,-0.003979109,1.0
2023-04-20 00:00:00+00,SHORT,1447,0.38774171140213987,-0.45,-0.002651584,1.0
2023-04-24 00:00:00+00,SHORT,3791,0.6891667586963723,0.19,-0.0019969353,1.0
2023-04-28 00:00:00+00,SHORT,457,0.3164393608933688,0.216,-0.004162403,1.0
2023-05-01 00:00:00+00,SHORT,3378,1.0,0.04,-0.0030818323,1.0
2023-05-03 00:00:00+00,SHORT,3078,1.0,0.06,-0.003160868,1.0
2023-05-08 00:00:00+00,SHORT,4201,0.0,-0.07,-0.0035207933,1.0
2023-05-23 00:00:00+00,SHORT,2655,0.0,0.36,0.0017873985,1.0
2023-05-23 00:00:00+00,SHORT,3233,0.0,-0.36,-4.985156E-4,1.0
2023-06-05 00:00:00+00,SHORT,1063,0.05397221362418175,0.08,0.0046308753,1.0
2023-06-16 00:00:00+00,SHORT,3912,0.0,-0.49,0.004929442,1.0
2023-06-26 00:00:00+00,SHORT,1715,0.3526320925355239,-0.43,0.004687062,1.0
2023-07-05 00:00:00+00,SHORT,3838,1.0,-0.07,-0.0033194246,1.0
2023-07-11 00:00:00+00,SHORT,1919,1.0,0.26,0.03391747,1.0
2023-07-14 00:00:00+00,SHORT,3429,1.0,0.03,-0.00252342,1.0
2023-07-18 00:00:00+00,SHORT,2518,1.0,-0.53,-0.0034068439,1.0
2023-07-19 00:00:00+00,SHORT,2626,1.0,-0.2354,0.007131501,1.0
2023-07-24 00:00:00+00,SHORT,1087,1.0,-0.32,-0.0033778546,1.0
2023-08-01 00:00:00+00,SHORT,2820,0.0,0.29,0.0068235323,1.0
2023-08-01 00:00:00+00,SHORT,1851,0.6835797125978377,0.24,0.0031932157,1.0
2023-08-09 00:00:00+00,SHORT,2776,0.4187467396476304,-0.21,0.004783626,1.0
2023-08-30 00:00:00+00,SHORT,1051,0.2581847246351817,-0.46,-0.0037636769,1.0
2023-08-30 00:00:00+00,SHORT,3161,0.41630272376754385,0.62,2.1473775E-4,1.0
2023-08-30 00:00:00+00,SHORT,3471,1.0,-0.01,-0.0025548695,1.0
2023-09-06 00:00:00+00,SHORT,1173,0.409904521959466,0.04,0.002511034,1.0
2023-09-14 00:00:00+00,SHORT,220,1.0,0.28,2.3991433E-4,1.0
2023-09-14 00:00:00+00,SHORT,3287,0.3282686975198997,0.27,0.0027830685,1.0
2023-09-15 00:00:00+00,SHORT,652,0.2961401123980561,0.27,-0.004367654,1.0
2023-09-15 00:00:00+00,SHORT,3287,0.30498275872271535,0.27,-0.0029747747,1.0
2023-09-15 00:00:00+00,SHORT,1361,0.6111517482121458,0.3,0.0019284507,1.0
2023-09-15 00:00:00+00,SHORT,4079,1.0,0.34,-0.0016666218,1.0
2023-09-18 00:00:00+00,SHORT,2064,1.0,-0.05,-0.004366403,1.0
2023-09-20 00:00:00+00,SHORT,133,0.1870278995088988,0.6,-0.0012664553,1.0
2023-09-29 00:00:00+00,SHORT,3793,0.24984141678489716,0.3,-0.0011276439,1.0
2023-10-09 00:00:00+00,SHORT,2936,0.05699159577167637,0.57,-0.0016875125,1.0
2023-10-11 00:00:00+00,SHORT,588,0.0,0.05,0.0046618916,1.0
2023-10-12 00:00:00+00,SHORT,730,0.0,0.36,-0.0019898692,1.0
2023-11-03 00:00:00+00,SHORT,3283,1.0,-0.22,0.0059801904,1.0
2023-11-06 00:00:00+00,SHORT,3598,0.0,0.1,-0.0048903152,1.0
2023-12-13 00:00:00+00,SHORT,2692,0.0,0.46,-0.0047402694,1.0
2023-12-14 00:00:00+00,SHORT,4153,0.0,-0.03,-0.0047766357,1.0
2023-12-14 00:00:00+00,SHORT,1039,0.7824710599954683,-0.15,0.004405438,1.0
2023-12-15 00:00:00+00,SHORT,11,0.5314992769291166,0.3,-0.004363001,1.0
2023-12-15 00:00:00+00,SHORT,2367,0.33958743516062384,-0.09,0.0016657575,1.0
2023-12-15 00:00:00+00,SHORT,2740,0.0,0.18,0.0021324016,1.0
2023-12-15 00:00:00+00,SHORT,1175,0.7305775129016928,-0.39,0.0030870454,1.0
2023-12-15 00:00:00+00,SHORT,3773,0.3828447969458303,-0.5,0.010057757,1.0
2023-12-15 00:00:00+00,SHORT,3808,0.9333333333333333,0.09,0.0020477744,1.0
2023-12-15 00:00:00+00,SHORT,4074,0.8856026881590088,0.37,0.0010331961,1.0
2023-12-20 00:00:00+00,SHORT,255,0.232777578282174,0.11,0.008977374,1.0
2024-01-09 00:00:00+00,SHORT,427,0.0,0.17,0.0015197853,1.0
2024-01-09 00:00:00+00,SHORT,3142,0.6758033183474463,0.01,-0.0018312014,1.0
2024-01-12 00:00:00+00,SHORT,3758,0.0,0.02,0.0043305573,1.0
2024-01-22 00:00:00+00,SHORT,2391,0.49554500295080306,-0.52,-0.0035229288,1.0
2024-01-29 00:00:00+00,SHORT,2898,0.15466890663177768,-0.14,-0.0016540614,1.0
2024-01-31 00:00:00+00,SHORT,2541,0.49351820471327,0.42,0.0148270475,1.0
2024-01-31 00:00:00+00,SHORT,652,0.0880625076011101,-0.04,-0.0023818696,1.0
2024-01-31 00:00:00+00,SHORT,817,0.0,-0.42,-0.0010837114,1.0
2024-02-14 00:00:00+00,SHORT,4234,0.7562442993775415,0.0,0.022603713,1.0
2024-02-20 00:00:00+00,SHORT,4112,0.7674002460253755,0.01,-0.0024779092,1.0
2024-03-04 00:00:00+00,SHORT,1552,0.7024921061350773,-0.12,-0.0022586614,1.0
2024-03-08 00:00:00+00,SHORT,761,0.5445911303697974,-0.02,-0.0018019634,1.0
2024-03-08 00:00:00+00,SHORT,3824,1.0,0.01,0.0044956086,1.0
2024-03-22 00:00:00+00,SHORT,2132,0.14277699229477336,0.35,-0.0033154874,1.0
2024-03-22 00:00:00+00,SHORT,2342,1.0,-0.14,-0.0039827297,1.0
2024-03-25 00:00:00+00,SHORT,995,1.0,0.0,-0.004495202,1.0
2024-04-01 00:00:00+00,SHORT,131,0.3421904630126386,-0.11,-5.107341E-4,1.0
2024-04-02 00:00:00+00,SHORT,3067,0.0,-0.17,-0.004844809,1.0
2024-04-04 00:00:00+00,SHORT,1074,0.0,0.03,0.0032850737,1.0
2024-04-26 00:00:00+00,SHORT,1051,0.27708484650658005,0.01,0.019478342,1.0
2024-05-16 00:00:00+00,SHORT,694,0.26029817639654296,0.06,0.0070660408,1.0
2024-05-16 00:00:00+00,SHORT,1361,0.6648403071512331,0.01,-5.306669E-4,1.0
2024-05-16 00:00:00+00,SHORT,2018,0.0,-0.02,1.3915997E-4,1.0
2024-05-17 00:00:00+00,SHORT,2176,0.46073439505609937,0.2851,-0.004760902,1.0
2024-05-17 00:00:00+00,SHORT,907,0.4242310724190922,0.3,-0.0037150185,1.0
2024-05-17 00:00:00+00,SHORT,1361,0.5969234034102059,0.01,-0.004156282,1.0
2024-06-03 00:00:00+00,SHORT,857,0.20771099324073708,-0.3,-0.0036850427,1.0
2024-06-03 00:00:00+00,SHORT,3905,0.42697565613369776,0.6,0.0024941945,1.0
2024-06-25 00:00:00+00,SHORT,2350,0.0,0.34,-0.0025154005,1.0
2024-06-25 00:00:00+00,SHORT,3645,0.26666878714460673,0.52,-6.168058E-4,1.0
2024-07-01 00:00:00+00,SHORT,1867,0.0,0.61,0.0047041704,1.0
2024-07-05 00:00:00+00,SHORT,498,0.7114936360571121,0.0,-0.0018101118,1.0
2024-07-08 00:00:00+00,SHORT,3357,0.9444444444444444,-0.32,0.0031541442,1.0
2024-07-12 00:00:00+00,SHORT,3359,1.0,-0.05,-0.0023628606,1.0
2024-07-12 00:00:00+00,SHORT,3976,0.5930477834541175,0.0095,0.01978304,1.0
2024-07-16 00:00:00+00,SHORT,3610,0.0,0.59,-0.0012838569,1.0
2024-07-17 00:00:00+00,SHORT,555,0.510237435962325,-0.44,-0.0030812507,1.0
2024-07-17 00:00:00+00,SHORT,739,0.6073933228486832,-0.42,-0.0040340233,1.0
2024-07-17 00:00:00+00,SHORT,1615,0.4071772712724327,-0.48,-0.004162159,1.0
2024-07-17 00:00:00+00,SHORT,3794,1.0,-0.04,0.0010623715,1.0
2024-07-17 00:00:00+00,SHORT,1807,0.3861134682500432,0.0,-0.0010294219,1.0
2024-07-18 00:00:00+00,SHORT,684,1.0,0.11,-0.0016661993,1.0
2024-07-18 00:00:00+00,SHORT,1108,0.6864128165855928,-0.2,-0.004330095,1.0
2024-07-18 00:00:00+00,SHORT,1371,0.0,0.59,-7.8365795E-4,1.0
2024-07-18 00:00:00+00,SHORT,1848,0.2802491441225388,-0.23,0.009768582,1.0
2024-07-19 00:00:00+00,SHORT,2137,0.1511803508436914,0.18,-0.0040239138,1.0
2024-07-23 00:00:00+00,SHORT,4123,0.0,0.11,-0.0029954892,1.0
2024-07-31 00:00:00+00,SHORT,2740,1.0,0.13,0.016071508,1.0
2024-08-30 00:00:00+00,SHORT,4153,0.6875152709283624,0.02,-1.9214209E-4,1.0
2024-09-18 00:00:00+00,SHORT,3685,0.37477353155383125,0.35,0.034305323,1.0
2024-09-20 00:00:00+00,SHORT,3621,1.0,-0.32,3.4790672E-4,1.0
2024-09-23 00:00:00+00,SHORT,956,0.0,-0.04,-0.0020635806,1.0
2024-09-24 00:00:00+00,SHORT,2626,0.0,0.06,0.001493999,1.0
2024-09-27 00:00:00+00,SHORT,4083,0.0,-0.51,-0.0034422283,1.0
2024-09-30 00:00:00+00,SHORT,2393,0.8464055660631806,-0.55,-0.0037809846,1.0
2024-09-30 00:00:00+00,SHORT,1922,1.0,0.61,-0.0021736617,1.0
2024-10-02 00:00:00+00,SHORT,4176,0.0,-0.35,-0.0037603157,1.0
2024-10-07 00:00:00+00,SHORT,2327,0.0,0.21,-4.7628142E-4,1.0
2024-10-14 00:00:00+00,SHORT,4247,0.0,-0.12,0.005733245,1.0
2024-10-14 00:00:00+00,SHORT,3514,0.3077302164910966,-0.26,-0.0032032786,1.0
2024-10-16 00:00:00+00,SHORT,2061,0.0,0.1,0.0045067016,1.0
2024-10-17 00:00:00+00,SHORT,2276,0.27964389603586726,0.4,-3.1337643E-4,1.0
2024-10-18 00:00:00+00,SHORT,838,0.0,-0.26,-6.371145E-4,1.0
2024-10-31 00:00:00+00,SHORT,1677,0.0,0.23,-0.0039459863,1.0
2024-10-31 00:00:00+00,SHORT,1678,0.0,0.23,-0.0036575478,1.0
2024-11-07 00:00:00+00,SHORT,2066,0.0,0.2,0.020427067,1.0
2024-11-08 00:00:00+00,SHORT,2066,0.0,0.2,-0.0023261546,1.0
2024-11-08 00:00:00+00,SHORT,2550,0.5749878652697075,0.27,-0.0015524776,1.0
2024-11-08 00:00:00+00,SHORT,2703,0.4744766048073773,-0.41,0.007931415,1.0
2024-12-06 00:00:00+00,SHORT,1734,0.47920345875581666,0.16,-0.0030233224,1.0
2024-12-09 00:00:00+00,SHORT,1828,0.0,0.0,-0.004709451,1.0
2024-12-10 00:00:00+00,SHORT,1916,0.304860301483035,-0.5,-0.001725934,1.0
2024-12-12 00:00:00+00,SHORT,629,0.49000289314214895,0.6128,0.009348266,1.0
2024-12-13 00:00:00+00,SHORT,4250,1.0,0.2,-0.0044957604,1.0
2024-12-13 00:00:00+00,SHORT,4074,1.0,0.37,0.003946487,1.0
2025-01-08 00:00:00+00,SHORT,1454,0.0,0.33,5.1240885E-4,1.0
2025-01-17 00:00:00+00,SHORT,1719,0.0,0.46,-6.186623E-4,1.0
2025-01-22 00:00:00+00,SHORT,2070,0.0,0.23,-0.0011432631,1.0
2025-01-22 00:00:00+00,SHORT,50,0.5830138607716161,-0.01,-0.0017331004,1.0
2025-01-22 00:00:00+00,SHORT,2261,0.14162065427015078,0.06,5.3802464E-4,1.0
2025-01-23 00:00:00+00,SHORT,2070,0.0,0.23,-0.004798231,1.0
2025-01-24 00:00:00+00,SHORT,862,0.5495080397584898,0.3,-0.0040979898,1.0
2025-01-24 00:00:00+00,SHORT,3111,0.8461538461538461,-0.06,-0.0029673306,1.0
2025-01-27 00:00:00+00,SHORT,2761,1.0,0.4234,-0.0014049675,1.0
2025-01-29 00:00:00+00,SHORT,835,0.875,-0.2,-0.004713519,1.0
2025-02-20 00:00:00+00,SHORT,1879,0.6432384612448058,-0.01,0.0034061815,1.0
2025-03-03 00:00:00+00,SHORT,2350,1.0,-0.05,7.937433E-4,1.0
2025-03-03 00:00:00+00,SHORT,2541,1.0,0.54,-0.0041629104,1.0
2025-03-03 00:00:00+00,SHORT,3943,1.0,-0.25,6.28051E-4,1.0
2025-03-04 00:00:00+00,SHORT,4079,0.0,-0.3,-0.0045431736,1.0
2025-03-10 00:00:00+00,SHORT,2751,1.0,-0.17,0.003618402,1.0
2025-03-18 00:00:00+00,SHORT,2514,0.0,0.03,-0.0039731893,1.0
2025-03-19 00:00:00+00,SHORT,3330,0.0,0.0075,-0.0028891494,1.0
2025-03-25 00:00:00+00,SHORT,4244,0.0,0.02,-1.0833273E-4,1.0
2025-03-25 00:00:00+00,SHORT,3032,0.0,0.04,0.0017020993,1.0
